,author,date,text,sent
0,bkakshay39,2021-05-06 14:28:48," #Promote2SR
Don‚Äôt torture the pg residents ....WE ARE ALREADY EXHAUSTED #JusticeForFinalYrPG #Promote2SR 

  ‚Ä¶",-1
1,Christipaws,2021-05-06 14:28:49, Elise Stefanik is now the front-runner to replace Liz Cheney as GOP Conference Chair. A thread on some of her votes in Congre‚Ä¶,0
2,tzugyutae,2021-05-06 14:28:49, new addition to kwon family's wall üòÑ ,1
3,EricLow69046856,2021-05-06 14:28:49," Imagine your last act on Earth before you meet your Maker is ""I voted for someone obviously afflicted with mental illne‚Ä¶",-1
4,lovmgyu,2021-05-06 14:28:50, new addition to kwon family's wall üòÑ ,1
5,dhara84,2021-05-06 14:28:51, Volunteers of  -Singapore doing remarkable service to support India during these trying times. (Ms Nishi Kuttan‚Ä¶,1
6,MarkCCrowley,2021-05-06 14:28:52," Every manager should hang this on his or her wall. In the end, it's all about respect and kindness. #management #leadershi‚Ä¶",1
7,planet_miya,2021-05-06 14:28:52," You know what they say about a masterpiece..

PIN HER TO THE WALL üòà ",1
8,NonVitalTooth,2021-05-06 14:28:53," Place a shark jaws skeleton on your wall , it would definitely drive away your phobia eventually ",0
9,Isfar2020,2021-05-06 14:28:54, These channels have not only been complicit in peddling the BJP‚Äôs false narrative but have done far worse things like inc‚Ä¶,-1
10,tradermaymz,2021-05-06 14:28:55,"$PDPR
Small wall on the ask at .0001 for 31m
I‚Äôm down about 97.9% not to worried just need to bounce here #Joke",1
11,BlaxeDj,2021-05-06 14:28:55,To the window..... To the wall....     #flownachrome #ktniwake #pioneerdj‚Ä¶ ,0
12,Marc_Allen513,2021-05-06 14:28:56," According to estimates from border officials, as many as 30,000 illegal immigrants have escaped into the U.S. in just th‚Ä¶",-1
13,Thee_Ratz,2021-05-06 14:28:57, Elder Paisios throws a young man against the wall with slight move of his hand after he grabbed the elder and blasphemed hi‚Ä¶,1
14,nuigurumiSaku,2021-05-06 14:28:57,4th wall break #sgDarling  #NintendoSwitch ,0
15,mckdaddy1,2021-05-06 14:28:57, Celebrating a fly out like it‚Äôs a home turn: Joc Pederson finally became a Cub. ,1
16,uikuro,2021-05-06 14:28:57,Breakthrough the wall! it's the end of sorrow of the truth,-1
17,Massawa93933746,2021-05-06 14:28:58," Yeap... Why bother even with z most elementary geographic facts about ppl &amp; places 1 has no care for? 

The exigency here i‚Ä¶",-1
18,sanjeevkhanna2,2021-05-06 14:28:59,          ‚Ä¶,0
19,MarkAnthonySm16,2021-05-06 14:29:00," King Of The Jungle Wall Art Animal

#artprint #artprints #art #artwork #artforsale #canvasart #c‚Ä¶",0
20,PartmalX,2021-05-06 14:29:00," To Delhi-Noida channels. 

For too long U have been peddling a narrative commanded by BJP‚Äôs MO-SHA. Toxic. Many of us no‚Ä¶",0
21,charlottey_x,2021-05-06 14:29:00, Every time I see Kim where white u think of that stain on khloes wall and I question how she keeps it off her clothes,0
22,ESpirit72,2021-05-06 14:29:01," Hey Calgary, this is a great idea. This could be an effective way to support restaurants *and* help ensure people are‚Ä¶",1
23,carolshade,2021-05-06 14:29:01," üï∑ üï∏ üï∑ üï∏ üï∑ üï∏ üï∑ üï∏ üï∑ üï∏ üï∑

                  T H E   B O N D

        Raven Forest. Gray Realm
                   Six year‚Ä¶",0
24,gsmanes,2021-05-06 14:29:01," To Delhi-Noida channels. 

For too long U have been peddling a narrative commanded by BJP‚Äôs MO-SHA. Toxic. Many of us no‚Ä¶",0
25,PrincessTubTubb,2021-05-06 14:29:02, I thought Mexico was paying for the wall. Lol,1
26,mindflayer_309,2021-05-06 14:29:02,         Repent before its‚Ä¶ ,0
27,Sachit34618410,2021-05-06 14:29:03," Yes why cbse not understanding our mental pressure please cancel 12 board exams
#CANCEL12THBOARDEXAM2021 
#DONTIGNORE12T‚Ä¶",1
28,mak__kp,2021-05-06 14:29:03," #Promote2SR #JusticeForFinalYrPG

            ‚Ä¶",0
29,kaif_sofia,2021-05-06 14:29:03,"   fell 0.54% to end at 33,875.31 points, while the S&amp;P 500 lost 0.72% to 4,181.22
Te‚Ä¶ ",-1
30,FinancialNews,2021-05-06 14:29:04,"As London heads to the polls, incumbent Sadiq Khan pulls way ahead with bettors. But this ex-Wall Street broker cou‚Ä¶ ",0
31,WSJmarkets,2021-05-06 14:29:04,"Heard on the Street: A temporary patent waiver backed by the Biden administration won‚Äôt impact short-term profits,‚Ä¶ ",0
32,powhatannative,2021-05-06 14:29:04, JK thought doubling down on racism was a good idea as a grown person! I would never have done this as a c‚Ä¶ ,1
33,demerarabird,2021-05-06 14:29:05," More than just wood floors, we also do a range of concrete wall panels. Concreate wall panels are lightweight pre-cast‚Ä¶",0
34,kaif_sofia,2021-05-06 14:29:06,"   fell 0.54% to end at 33,875.31 points, while the S&amp;P 500 lost 0.72% to 4,181.22
Te‚Ä¶ ",-1
35,victoria12145,2021-05-06 14:29:06," school has me so fucked up, i just wanna throw my laptop at the wall",-1
36,AftabHind,2021-05-06 14:29:07," Spine always grows in the back that is against the wall.

To hell with America. Bharat Biotech has already sourced all‚Ä¶",-1
37,IsabelleKocon,2021-05-06 14:29:07,"Love this! The unique wall lighting is an interesting spin on this centuries old design.

Isabelle Kocon, Realtor S‚Ä¶ ",1
38,JoanBadarak,2021-05-06 14:29:07," CNN is wall to wall public relations &amp; rapid response for their favorite warmonger, Liz Cheney...Which tells you everyt‚Ä¶",-1
39,sgarg1981,2021-05-06 14:29:07,        ‚Ä¶ ,0
40,7pntperspective,2021-05-06 14:29:08,My nidjig order shipped today. I literally have like three orders in the mail from  rn I can't wait to put‚Ä¶ ,1
41,kaif_sofia,2021-05-06 14:29:08,"   fell 0.54% to end at 33,875.31 points, while the S&amp;P 500 lost 0.72% to 4,181.22
Te‚Ä¶ ",-1
42,TarunSh52286991,2021-05-06 14:29:08,"1 M+  Student's have tweeted 
#cancel12thboardexmas2021 
But there is no statement from the govt or education minis‚Ä¶ ",-1
43,Jack112244,2021-05-06 14:29:09," Most cutest üòç sweetest ü•∞
dearest üíï loveble üíò


4 YEARS OF REPUBLIC ",1
44,defversez,2021-05-06 14:29:10,"the canvases on the wall look like adoy album covers „Öã„Öã„Öã 

 #JAYB #Ï†úÏù¥ÎπÑ ",1
45,TMFMaximus,2021-05-06 14:29:10, Really like that wall paneling dude.,1
46,itsASaha,2021-05-06 14:29:11,         Threatening Media‚Ä¶ ,-1
47,kaif_sofia,2021-05-06 14:29:11,"   fell 0.54% to end at 33,875.31 points, while the S&amp;P 500 lost 0.72% to 4,181.22
Te‚Ä¶ ",-1
48,AlexanderDeSma3,2021-05-06 14:29:11," $PDPR
Small wall on the ask at .0001 for 31m
I‚Äôm down about 97.9% not to worried just need to bounce here #Joke",1
49,AcesDomain,2021-05-06 14:29:12,why is this so relatable,0
50,ui_zero2,2021-05-06 14:29:13," Patterns - When you go into your next game, I dont want you to look at the enemies previous rank. LOOK AT THE AGENT you're‚Ä¶",-1
51,sabithasan,2021-05-06 14:29:13," To Delhi-Noida channels. 

For too long U have been peddling a narrative commanded by BJP‚Äôs MO-SHA. Toxic. Many of us no‚Ä¶",0
52,kaif_sofia,2021-05-06 14:29:15,"   fell 0.54% to end at 33,875.31 points, while the S&amp;P 500 lost 0.72% to 4,181.22
Te‚Ä¶ ",-1
53,JThesma,2021-05-06 14:29:15," Spine always grows in the back that is against the wall.

To hell with America. Bharat Biotech has already sourced all‚Ä¶",-1
54,PhilShow987,2021-05-06 14:29:15,"Sometimes in job interviews, the interviewer will throw a random, off-the-wall question at you to see how well you‚Ä¶ ",1
55,jigsaw5714,2021-05-06 14:29:15, These channels have not only been complicit in peddling the BJP‚Äôs false narrative but have done far worse things like inc‚Ä¶,-1
56,Samantha4Blue,2021-05-06 14:29:16,"    All GOP policies are against people, especially minorities. Good‚Ä¶ ",0
57,LynnNoronha,2021-05-06 14:29:16, These channels have not only been complicit in peddling the BJP‚Äôs false narrative but have done far worse things like inc‚Ä¶,-1
58,VMichl,2021-05-06 14:29:18,"A fascinating world behind the TV wall - shooting the ""Autodesk LIVE 2022"" conference in Prague yesterday",1
59,marysouth,2021-05-06 14:29:18, That's a good question. One of my favorite contributions to this genre is THE WALL by Marlen Haushofe‚Ä¶ ,1
60,DorcasKennedy6,2021-05-06 14:29:19,  Why are you reporting this drivel? The PM has offered help to all of the premiers. We have heard him. Kenney to da‚Ä¶,1
61,MrJonCryer,2021-05-06 14:29:19," Jenner has noticed two things: that a cynical run for office gets you tons of airtime, and that the Right loves propping‚Ä¶",1
62,kaif_sofia,2021-05-06 14:29:19,"   fell 0.54% to end at 33,875.31 points, while the S&amp;P 500 lost 0.72% to 4,181.22
Te‚Ä¶ ",-1
63,mightbe_peju,2021-05-06 14:29:20, Kinda wanna cry. Kinda wanna stare at the wall. Kinda wanna scream.. kinda wanna be silent . Kinda wanna be alone. Kinda wanna‚Ä¶,-1
64,Hindu_Vish,2021-05-06 14:29:20," Spine always grows in the back that is against the wall.

To hell with America. Bharat Biotech has already sourced all‚Ä¶",-1
65,clh14210,2021-05-06 14:29:20,WEAKü§¶üèª‚Äç‚ôÇÔ∏èüòÇüòÇüòÇ,1
66,gratott,2021-05-06 14:29:21," For some reason it really triggers Blairites and centrists when people state the fact that #CorbynHeldHartlepool twice.

I‚Ä¶",0
67,kaif_sofia,2021-05-06 14:29:22,"   fell 0.54% to end at 33,875.31 points, while the S&amp;P 500 lost 0.72% to 4,181.22
Te‚Ä¶ ",-1
68,AshleyMonrox,2021-05-06 14:29:22," my onlyfans is $4 for the next 40 people :*

subscribe to see the full photo set [45 pics] posted on my wall &lt;3
‚Ä¶",1
69,RizviSalim,2021-05-06 14:29:23, These channels have not only been complicit in peddling the BJP‚Äôs false narrative but have done far worse things like inc‚Ä¶,-1
70,Thirdtimeluck15,2021-05-06 14:29:23," CFTC‚Äôs  Acting Chairman, Rostin Behnam, said on the record he was acknowledging and condoning attempts by Wall Street bul‚Ä¶",0
71,therealpinoyrob,2021-05-06 14:29:23," Kanyon flew so Jericho could land in whatever that was. For a company that is basically wcw, how could you not‚Ä¶ ",0
72,kingz_dead_,2021-05-06 14:29:23, two scrawny people cuddling call that wall to wall,0
73,ahmileys,2021-05-06 14:29:23, do u ever just wanna hit ur head on a wall or smth,0
74,RishikaShetty7,2021-05-06 14:29:23," Remember 's Dabbawala initiative? They raised funds to help them during lockdown. 

Republic is Love.‚ù§
4 YEAR‚Ä¶",1
75,AlbertFlorin1,2021-05-06 14:29:24, That man is a wall! A walking wall,0
76,TheStreet,2021-05-06 14:29:24," This SEC will not he a pushover. Will they like the fact that Wall Street Bets put together a ""syndicate"" that should be fou‚Ä¶",1
77,trufflebuttered,2021-05-06 14:29:24," Go to  to watch the rest of the video and hundreds of FREE posts on my wall ! NO PAY PER VIEW!!!
#‚Ä¶",1
78,74Talk,2021-05-06 14:29:24, Here we go again. ü§¶‚Äç‚ôÇÔ∏è calling out the üêê ‚Å¶In the middle of another championship?!?!? ‚Å¶Good luck  ‚Å¶‚Å©  Just went‚Ä¶,1
79,kaif_sofia,2021-05-06 14:29:25,"   fell 0.54% to end at 33,875.31 points, while the S&amp;P 500 lost 0.72% to 4,181.22
Te‚Ä¶ ",-1
80,RohanPr81804469,2021-05-06 14:29:26," To Delhi-Noida channels. 

For too long U have been peddling a narrative commanded by BJP‚Äôs MO-SHA. Toxic. Many of us no‚Ä¶",0
81,MonicaD66590284,2021-05-06 14:29:26," #Promote2SR #JusticeForFinalYrPG

            ‚Ä¶",0
82,mayread3,2021-05-06 14:29:27," NEW dev. in the National Butterfly Center's lawsuit against   in South Texas

 WBtW was ostensibly formed‚Ä¶",-1
83,ArchibaldKgomo,2021-05-06 14:29:27, Adriano‚Äôs reaction to being introduced into the Maracan√£ Wall of Fame ‚ù§Ô∏è ,1
84,OscarJetson,2021-05-06 14:29:27,"Sleepy Cockapoo Dog Owner Gift, Abstract Painting Wall Art Print Signed by Artist A4 A3 11x14‚Ä¶ ",1
85,LemonPonk,2021-05-06 14:29:27, I keep reading it as the like air refreshing thing so I keep thinking they ate those air thingys you plug into the wall,1
86,itsiiiifav,2021-05-06 14:29:28, Kinda wanna cry. Kinda wanna stare at the wall. Kinda wanna scream.. kinda wanna be silent . Kinda wanna be alone. Kinda wanna‚Ä¶,-1
87,mamakatie64,2021-05-06 14:29:30,He's hiding in many accounts.  Pathetic,-1
88,BTS_Laiba,2021-05-06 14:29:30, It seems RM has one of Yun Hyung Keun's (Korean artist) paintings üñºon the wall in these pics. He kept showing his love for Y‚Ä¶,1
89,NovasTaylor,2021-05-06 14:29:30,"Totally agree with Mike Atkin 
 #KGC2021: You can't push #KnowledgeGraph implementation in a large com‚Ä¶ ",1
90,vinayakven,2021-05-06 14:29:32,          excel‚Ä¶ ,0
91,TheRealSquid10,2021-05-06 14:29:32, 50 % of Retail volume going thru Citadel instead of Exchange and still you think Retail Investor formed a syndicate ? may b‚Ä¶,0
92,biwieilishh,2021-05-06 14:29:32, Kinda wanna cry. Kinda wanna stare at the wall. Kinda wanna scream.. kinda wanna be silent . Kinda wanna be alone. Kinda wanna‚Ä¶,-1
93,TarunSh52286991,2021-05-06 14:29:33," 1 M+  Student's have tweeted 
#cancel12thboardexmas2021 
But there is no statement from the govt or education minister‚Ä¶",-1
94,MrFlibble72LFC,2021-05-06 14:29:34," All On All You're Just Another prick Like Max Wall
#ComediansInSongOrFilm",0
95,sophiacol,2021-05-06 14:29:34, Dead from laughing at this piece about London written in the style of Londoners writing about the north ‚Äî via my fellow‚Ä¶,-1
96,BustingSa,2021-05-06 14:29:34," There are reports that the horses at Fairview were NOT attacked, but let out. One jumped a fence and hit a wall and bro‚Ä¶",1
97,ShivBhaktSSR,2021-05-06 14:29:34, We are forever grateful to you Thank you for being there ‚ô•Ô∏è,1
98,TBGFL,2021-05-06 14:29:35," To Delhi-Noida channels. 

For too long U have been peddling a narrative commanded by BJP‚Äôs MO-SHA. Toxic. Many of us no‚Ä¶",0
99,patdmd,2021-05-06 14:29:35," $GOLD is moving today above 1800 level. Expected for my subscribers.

As said, it is vital to change the mindset after a lo‚Ä¶",1
100,Sleestak,2021-05-06 14:29:35,  Back in the day (Military) we'd interview a guy about something illegal/against regs and he'd d‚Ä¶ ,0
101,suzanne184,2021-05-06 14:29:35, So private rent extraction through publicly conferred private monopoly privileges over the use of publicly subsidized invention‚Ä¶,1
102,vibin_in_tally,2021-05-06 14:29:37, Pinned &amp; Cornered Jack Thee stallion in the shower no where to to run digging him into to the wall he so fine I could eat‚Ä¶,-1
103,Head_Huntin_31,2021-05-06 14:29:37, Bat flipping for a hit that doesn‚Äôt even get to the wall should be a 3 game suspension  ‚Ä¶,0
104,Amrch1,2021-05-06 14:29:38," BREAKING NEWS: Omar says it's shameful for Biden to finish the Wall. 
üëäüèªü™ñüá∫üá∏
ALSO BREAKING: Omar is guilty of violating U.‚Ä¶",-1
105,ImGinaHope1,2021-05-06 14:29:38, It seems RM has one of Yun Hyung Keun's (Korean artist) paintings üñºon the wall in these pics. He kept showing his love for Y‚Ä¶,1
106,ipurple_137,2021-05-06 14:29:39, It seems RM has one of Yun Hyung Keun's (Korean artist) paintings üñºon the wall in these pics. He kept showing his love for Y‚Ä¶,1
107,4thViv,2021-05-06 14:29:39,"‚Å¶‚Å©
You still want to include the GOP in all decisions, Senator Manchin?üëáüèøüëáüèøüëáüèøüëáüèøüëáüèøüëáüèøüëáüèø

""McConnell Says‚Ä¶ ",1
108,subaganesh,2021-05-06 14:29:40," Spine always grows in the back that is against the wall.

To hell with America. Bharat Biotech has already sourced all‚Ä¶",-1
109,phil_sakyi,2021-05-06 14:29:41, Adriano‚Äôs reaction to being introduced into the Maracan√£ Wall of Fame ‚ù§Ô∏è ,1
110,Faithmw1,2021-05-06 14:29:41," The man with deep scars in his body will teach you more than the man with deep academic profiles on his wall.

No school teache‚Ä¶",-1
111,belbel1989,2021-05-06 14:29:42," It‚Äôs Bruno Mars, if you disagree, fight with the wall",-1
112,karl_1618,2021-05-06 14:29:43," Is the WINNER wall still there? I mean it‚Äôs just a fcking wall but you know, fan things to do in SK ü•∫ü•∫ ‚Ä¶",1
113,princevantaee,2021-05-06 14:29:43, It seems RM has one of Yun Hyung Keun's (Korean artist) paintings üñºon the wall in these pics. He kept showing his love for Y‚Ä¶,1
114,SalientSloth1,2021-05-06 14:29:43, 50 % of Retail volume going thru Citadel instead of Exchange and still you think Retail Investor formed a syndicate ? may b‚Ä¶,0
115,LouC666,2021-05-06 14:29:43,"   Sure, whatever you say.

",1
116,CBryceTeckro,2021-05-06 14:29:44, Add your dot to the wall and help build awareness about #ovariancancer! Join  in revealing the bigger p‚Ä¶,1
117,Shrey2311,2021-05-06 14:29:44,      We demand strong action against this heinous crime of this Hospital,-1
118,TodaroMax,2021-05-06 14:29:45, Caitlyn Jenner says she is ‚Äúall for the wall‚Äù but that California is a ‚Äúcompassionate state‚Äù in her first TV interview as‚Ä¶,0
119,UtdAll,2021-05-06 14:29:46,Icons  Wall  Widget  AE  #frontpage #mysb   ‚úåüèº‚Ä¶ ,1
120,26v8mG5L8,2021-05-06 14:29:46, Mirror mirror on the wall ... ,0
121,MilcasaStore,2021-05-06 14:29:46,Magic 2 ‚Äì Wall Mount Concealed Sliding System for Wood Doors  #barndoor #slidingdoor‚Ä¶ ,0
122,Tani375196,2021-05-06 14:29:46, It seems RM has one of Yun Hyung Keun's (Korean artist) paintings üñºon the wall in these pics. He kept showing his love for Y‚Ä¶,1
123,FCCRWF,2021-05-06 14:29:46,For the wall and no new taxes.,-1
124,EuroBoyGinobli,2021-05-06 14:29:47,"How could anyone like this guy. I‚Äôve said it for years. He may be the most talented guy, but he is the most poor le‚Ä¶ ",-1
125,shuaibbarnawi,2021-05-06 14:29:47," $1.6 billion lekki port project reaches 50% completion.
The company said it has completed its 1,909m long core of the main b‚Ä¶",1
126,aamlive,2021-05-06 14:29:48,"Gene Peroni‚Äôs Daily Podcast: If you‚Äôve been on Wall Street for a number of years, you realize you just can‚Äôt fight‚Ä¶ ",1
127,shimoney333,2021-05-06 14:29:48, I CAN‚ÄôT BELIEVE THAT #SAFEMOON was MENTIONED IN A WALL STREET JOURNAL ARTICLE üî•üöÄüåï!! WE ARE #SAFEMOON #SAFEMOONARMY http‚Ä¶,-1
128,heeraman98,2021-05-06 14:29:49," Spine always grows in the back that is against the wall.

To hell with America. Bharat Biotech has already sourced all‚Ä¶",-1
129,MarcelloRuffini,2021-05-06 14:29:49,    I thought  would be better ... but unfortunately he is a better leader‚Ä¶,1
130,RandyBlanda,2021-05-06 14:29:50, Bat flipping for a hit that doesn‚Äôt even get to the wall should be a 3 game suspension  ‚Ä¶,0
131,JazzynupeXbox,2021-05-06 14:29:51," Happy birthday to the ""Say Hey"" kid forever. Enshrined in the Hall of Fame &amp; Willie Mays Plaza, and the 2‚Ä¶ ",1
132,VishnuV77907019,2021-05-06 14:29:51," #Promote2SR #JusticeForFinalYrPG

            ‚Ä¶",0
133,John_of_the_As,2021-05-06 14:29:51, 50 % of Retail volume going thru Citadel instead of Exchange and still you think Retail Investor formed a syndicate ? may b‚Ä¶,0
134,TheCollegeCaps,2021-05-06 14:29:52,"Over the course of this short MLB season, I have not at all produced. Game after game continuing to beat the market‚Ä¶ ",0
135,Nidhiproudone,2021-05-06 14:29:52," is BIRTH OF INDEPENDENT NATIONALIST MEDIA IN INDIA

HAPPY 4th BIRTHDAY

4 YEARS OF REPUBLIC",1
136,ksoododks,2021-05-06 14:29:53," Okay, fine. I wouldn't be opposed to wall climbing. Seems like a fun date.",1
137,SaakshiS,2021-05-06 14:29:53," Spine always grows in the back that is against the wall.

To hell with America. Bharat Biotech has already sourced all‚Ä¶",-1
138,ishimurralam,2021-05-06 14:29:53, Bat flipping for a hit that doesn‚Äôt even get to the wall should be a 3 game suspension  ‚Ä¶,0
139,KMKOptometry,2021-05-06 14:29:55,"The floor of the orbit, which is composed of the maxillary, palatine, and zygomatic bones, is the weakest wall of t‚Ä¶ ",-1
140,lapislazuli2345,2021-05-06 14:29:56, Elise Stefanik is now the front-runner to replace Liz Cheney as GOP Conference Chair. A thread on some of her votes in Congre‚Ä¶,0
141,SportsGeniuss,2021-05-06 14:29:56, I spent endless hours on ball fields and makeshift sandlots with friends and enemy alike and I loved‚Ä¶ ,-1
142,_aminie,2021-05-06 14:29:57," Pls don‚Äôt say sorryüò≠üò≠üò≠

‚ÄúThough staff thought for me of various possibilities, I couldn‚Äôt defeat the big wall of corona po‚Ä¶",-1
143,yoonkooksfairy,2021-05-06 14:29:57,HITS HEAD ON WALL PINK JOON ,0
144,chriss_lll,2021-05-06 14:29:58," Vans off the wall high

Sizes 40-45

280 cedis

Please rt ",1
145,rox55g,2021-05-06 14:29:59, Much needed  and add 3 more.,0
146,syedzaid,2021-05-06 14:29:59," To Delhi-Noida channels. 

For too long U have been peddling a narrative commanded by BJP‚Äôs MO-SHA. Toxic. Many of us no‚Ä¶",0
147,Muth64996535,2021-05-06 14:29:59," #Promote2SR #JusticeForFinalYrPG

            ‚Ä¶",0
148,itskyannadenice,2021-05-06 14:29:59, I need this on my wall !,0
149,MarsdenWoo,2021-05-06 14:30:00,NEW ONLINE EXHIBITION: 's latest collection of ceramic wall pieces and works on paper can be viewed on‚Ä¶ ,0
150,TheSocialCTV,2021-05-06 14:30:00,"According to The Wall Street Journal, unlike older generations, millennials are very candid with each other about p‚Ä¶ ",0
151,daddykool666,2021-05-06 14:30:01," Hello Everyone ü§öüèª

My setup today on My  üì≤ 12 Pro Max

#kalm by  
#SMPRO by  
#SB_widgets by ‚Ä¶",1
152,Kaliyugamaya,2021-05-06 14:30:01,"#Radical Violence #Massacres #Rapes #Loot #Exodus in WB;

But Where are;

 

 ‚Ä¶ ",-1
153,BellyUpKev,2021-05-06 14:30:01,"For a CFB junkie/rankings ‚Äúguru‚Äù, you‚Äôd think he‚Äôd have better takes",1
154,shrichandrajosh,2021-05-06 14:30:02,         Great ! Call out Nazis !!,1
155,iamvproudofyou,2021-05-06 14:30:02, Ion think so....the wall seems wet,0
156,EmmaLovesCelebz,2021-05-06 14:30:02,"‚ÄúBut first thing first Marley Rose you are Wall Flower no more, you are Women Fierce and we are going to kill this‚Ä¶ ",-1
157,Abhishe50965999,2021-05-06 14:30:03," Dear Karma,

The list is long...&amp; the Ex HM of Maharastra comes amongst the first few in the que..Thank you for hitting hard.‚Ä¶",1
158,donutcats,2021-05-06 14:30:04," I can‚Äôt decide if my favorite part of this picture is the almost-blep, the beans and tiny smol claw‚Ä¶ ",1
159,BPC_Bipartisan,2021-05-06 14:30:05,. promised to roll back many of President Trump's controversial immigration policies.  examines‚Ä¶ ,1
160,chanyasulkit,2021-05-06 14:30:05,Set Your Alarms for 7pm TONITE!  #Brookline #LibraryOfThings #FundLibraries  ‚Ä¶ ,-1
161,rajesht21215269,2021-05-06 14:30:05,          ‚Ä¶,0
162,YPal57,2021-05-06 14:30:05," Spine always grows in the back that is against the wall.

To hell with America. Bharat Biotech has already sourced all‚Ä¶",-1
163,connectanshul,2021-05-06 14:30:06," To Delhi-Noida channels. 

For too long U have been peddling a narrative commanded by BJP‚Äôs MO-SHA. Toxic. Many of us no‚Ä¶",0
164,SilentSailor4,2021-05-06 14:30:07," To Delhi-Noida channels. 

For too long U have been peddling a narrative commanded by BJP‚Äôs MO-SHA. Toxic. Many of us no‚Ä¶",0
165,rox55g,2021-05-06 14:30:07," To Delhi-Noida channels. 

For too long U have been peddling a narrative commanded by BJP‚Äôs MO-SHA. Toxic. Many of us no‚Ä¶",0
166,mewgulf_0421,2021-05-06 14:30:07, just imagining pbest meeting gulf for his live prep and gulfs like o what do u have pbest and pbest just takes out these mul‚Ä¶,1
167,nicksasser,2021-05-06 14:30:07, Bat flipping for a hit that doesn‚Äôt even get to the wall should be a 3 game suspension  ‚Ä¶,0
168,BackshotXXXGod,2021-05-06 14:30:08, Don't you like being a  ü™∞ on the wall üòà ,1
169,BEstFriEnD2347,2021-05-06 14:30:08," The man with deep scars in his body will teach you more than the man with deep academic profiles on his wall.

No school teache‚Ä¶",-1
170,JK695752,2021-05-06 14:30:09,    They‚Äôre in the play in.. not in the playoffs yet buddy. And btw‚Ä¶ ,1
171,Kaliyugamaya,2021-05-06 14:30:09,"  #Radical Violence #Massacres #Rapes #Loot #Exodus in WB;

But Where are;

‚Ä¶ ",-1
172,keenfinsfan,2021-05-06 14:30:10,"Damn , Bobby was the man and really accomplished a lot here",1
173,o_rm_cindy014,2021-05-06 14:30:10, GREAT WALL OF CHINA WITH THE CHINA SHEEP LAY ZHANG! üò©üò©üò© ,1
174,djgruman_,2021-05-06 14:30:10, Bat flipping for a hit that doesn‚Äôt even get to the wall should be a 3 game suspension  ‚Ä¶,0
175,ChristineRHunt,2021-05-06 14:30:11, What's going to be next press release from ? That he wants to build a wall at our border and he's going to make the‚Ä¶,0
176,myriadgardens,2021-05-06 14:30:11," #Artistic events across #Oklahoma mark #TulsaRaceMassacre centennial, from multimedia #art exhibits to #comics panel at ‚Ä¶",0
177,Lexxi__Lethal,2021-05-06 14:30:12, This is dope I want this on my wall with a neon light somehow on it,1
178,princessayakas,2021-05-06 14:30:13,I literally only passed my drivers exam because the lady took pity on me üò≠ I failed twice before and the first time‚Ä¶ ,-1
179,jasonlavarbrown,2021-05-06 14:30:14,I be watching Wolf of Wall Street while I drive.,0
180,JaphethUche,2021-05-06 14:30:14," 8 - √âdouard Mendy has kept eight clean sheets in 11 UEFA Champions League matches this season, the most in a single campaign b‚Ä¶",1
181,dailysimpsons,2021-05-06 14:30:15,The scene where Maude Flanders peers through a hole in a wall at Marge is a reference to the 1960 film Psycho. (vid‚Ä¶ ,0
182,allyc375,2021-05-06 14:30:15, Psychiatrists were some of the earliest supporters of #StopSIM. Its hugely disapointing to observe a new wall of silence fr‚Ä¶,1
183,PFF_RyanSmith,2021-05-06 14:30:16,Bobby McCain was a strong slot cornerback (as evidenced by his best season in 2017) but has been just average in hi‚Ä¶ ,1
184,southcoop,2021-05-06 14:30:17," It's worth noting that  voted with FAIR only 75% of the time last Congress, and even worse, she voted fo‚Ä¶",1
185,awsomegamer77,2021-05-06 14:30:18, Bat flipping for a hit that doesn‚Äôt even get to the wall should be a 3 game suspension  ‚Ä¶,0
186,HogeArmy,2021-05-06 14:30:18," The painting will be delivered to the collector


Foundation link:‚Ä¶ ",0
187,philoctates,2021-05-06 14:30:18,"Iron Curtain Country

By Francis Levy

no amount of notoriety will spare you
from the inevitable wall of silence",-1
188,PeterJGregory,2021-05-06 14:30:19,"‚ÄúGOP leaders shouldn‚Äôt have to lie about 2020 to keep their job,‚Äù the conservative newspaper‚Äôs editorial board said. ",0
189,ltmvalley,2021-05-06 14:30:19," According to estimates from border officials, as many as 30,000 illegal immigrants have escaped into the U.S. in just th‚Ä¶",-1
190,Noahs_nan,2021-05-06 14:30:20,Noahs nursery are introducing toddler dancing lessons on Friday mornings and I would love to be a fly on the wall i‚Ä¶ ,1
191,homer_thompson_,2021-05-06 14:30:20, The scene where Maude Flanders peers through a hole in a wall at Marge is a reference to the 1960 film Psycho. (video: O‚Ä¶,0
192,valveman1974,2021-05-06 14:30:20, Ever have a moment where you decide who you want to learn from? That's me right now. After dust settles compile knowledge‚Ä¶,1
193,miugapsuppawut,2021-05-06 14:30:20, just imagining pbest meeting gulf for his live prep and gulfs like o what do u have pbest and pbest just takes out these mul‚Ä¶,1
194,KanesTravel,2021-05-06 14:30:20,"Workers built the Ming dynasty sections of the Great Wall of China by mixing sticky rice flour and lime.

The rice-‚Ä¶ ",1
195,FloormaxFloors,2021-05-06 14:30:20,This carpeted sitting room is the perfect place to unwind after a long day. A benefit to installing wall-to-wall ca‚Ä¶ ,1
196,ABORSH4WNA,2021-05-06 14:30:21,putting this pic on my wall ,0
197,je_trr,2021-05-06 14:30:21," Began to warn him, he ignored my warnings so I got up picked him up, slammed him against a wall (I fe‚Ä¶ ",-1
198,clayesm,2021-05-06 14:30:21, Scotland has been the English magic money tree for a long old time. They took the oil revenue and 'spaffed it up the wall'. Th‚Ä¶,0
199,ashishneeraj,2021-05-06 14:30:21," Spine always grows in the back that is against the wall.

To hell with America. Bharat Biotech has already sourced all‚Ä¶",-1
200,Denis_Buchholz,2021-05-06 14:30:22,  That is what I was alluding to .... Had to move the old fox watching folks closer toge‚Ä¶ ,0
201,Lizones1,2021-05-06 14:30:22," Modern Woman Pink Flower Wall Art Print On Canvas No. MN-F000 

(Tweeted via ‚Ä¶",0
202,IhoPwaitress74,2021-05-06 14:30:22," WSJ is paying to show this to Reddit.

Consent to being ruled over by psycho tech billionaires is being manufactured.",1
203,theressmthweird,2021-05-06 14:30:24,"          ""tag‚Ä¶ ",0
204,patricia2378,2021-05-06 14:30:24," Spine always grows in the back that is against the wall.

To hell with America. Bharat Biotech has already sourced all‚Ä¶",-1
205,Lizones1,2021-05-06 14:30:25," Angel Wings Wall Art Home D√©cor No. AW-W0000a 

(Tweeted via ) ‚Ä¶",0
206,Kelly13214289,2021-05-06 14:30:25," BREAKING NEWS: Omar says it's shameful for Biden to finish the Wall. 
üëäüèªü™ñüá∫üá∏
ALSO BREAKING: Omar is guilty of violating U.‚Ä¶",-1
207,mfiedler,2021-05-06 14:30:25,Democrats Are Killing the American Dream - The Wall Street Journal ,-1
208,thurston_21,2021-05-06 14:30:25," It's worth noting that  voted with FAIR only 75% of the time last Congress, and even worse, she voted fo‚Ä¶",1
209,HPCAcougars,2021-05-06 14:30:26,"Today HPCA joins together for the National Day of Prayer.  Mrs. Dana Gable, HPCA Parent and Mr. Blythe Wall, Green‚Ä¶ ",0
210,G0t_Kink,2021-05-06 14:30:26," Go to  to watch the rest of the video and hundreds of FREE posts on my wall ! NO PAY PER VIEW!!!
#‚Ä¶",1
211,_smitty_13,2021-05-06 14:30:27, Bat flipping for a hit that doesn‚Äôt even get to the wall should be a 3 game suspension  ‚Ä¶,0
212,ZOE_SEQ,2021-05-06 14:30:27, Everytime a porn or sissy account RTs my selfie it makes me never want to post selfies again. All my shit is PG and do‚Ä¶,-1
213,Ey3ris,2021-05-06 14:30:28, Oh cool! I can imagine seeing a wall full with your art (or let‚Äôs say simulated pics which you chars ma‚Ä¶ ,1
214,IzzyZk,2021-05-06 14:30:28, i hate not being able to take or hold a wall to save my life 90% of the time,-1
215,judedavid21,2021-05-06 14:30:28,          ‚Ä¶,0
216,meIonkoo,2021-05-06 14:30:29,jungkook is such a gentle soul im seconds away from punching a wall,1
217,Don_Trumpilini,2021-05-06 14:30:29,"NBC/Wall Street Journal, in.",0
218,therealpinoyrob,2021-05-06 14:30:29,   Were you around for when Mike Awesome three Kanyon off a cage? What about the Wall vs Cro‚Ä¶ ,1
219,AugustosPauper,2021-05-06 14:30:29," The man with deep scars in his body will teach you more than the man with deep academic profiles on his wall.

No school teache‚Ä¶",-1
220,STAR72345,2021-05-06 14:30:30," You know what they say about a masterpiece..

PIN HER TO THE WALL üòà ",1
221,TheFakeFabio,2021-05-06 14:30:30, Bat flipping for a hit that doesn‚Äôt even get to the wall should be a 3 game suspension  ‚Ä¶,0
222,Flkrew,2021-05-06 14:30:30," It's worth noting that  voted with FAIR only 75% of the time last Congress, and even worse, she voted fo‚Ä¶",1
223,ellenosei59,2021-05-06 14:30:30," Magazine worthy
Wall paper worthy
Bill board worthy
Everything worthy
TACHA TACHA TACHA!!! ü•∫ü•∫üò≠ü•∫üòçüòçüòçüòçüòçüòçüòçüòçüòçüòçüòç
#InterTachanal‚Ä¶",1
224,MostlyBJs,2021-05-06 14:30:30, Come and see all my xxx content FOR FREE AT  NO PAY PER VIEW!! Everything is POSTED FREE ON MY WAL‚Ä¶,1
225,Lizones1,2021-05-06 14:30:30," Yellow Flowers Landscape Wall Decor 4 Panel Set On Canvas No. YFL-00a 

(Tweeted via ‚Ä¶",0
226,Humberto_Bau,2021-05-06 14:30:31,"Checkmate! ‚ôü‚ôü‚ôü
News have been paid to manipulate the world forever!
There is no ‚Äúsyndicate‚Äù or crime for people to‚Ä¶ ",1
227,962a1ec32c6b4be,2021-05-06 14:30:31," #Promote2SR #JusticeForFinalYrPG

            ‚Ä¶",0
228,justinl040,2021-05-06 14:30:32, If it was up to me I‚Äôd let them all in at one time. I would tear the wall down. Like a damn bursting wit‚Ä¶ ,-1
229,kitty_meowmeoww,2021-05-06 14:30:32, It seems RM has one of Yun Hyung Keun's (Korean artist) paintings üñºon the wall in these pics. He kept showing his love for Y‚Ä¶,1
230,todayonscreen,2021-05-06 14:30:33,"Today, May 6, 1985 is corporate raider Gordon Gekko's birthday. Hoping to meet with Gekko, junior stockbroker Bud F‚Ä¶ ",1
231,wagiangwinner,2021-05-06 14:30:33," Is the WINNER wall still there? I mean it‚Äôs just a fcking wall but you know, fan things to do in SK ü•∫ü•∫ ‚Ä¶",1
232,Qhairrul,2021-05-06 14:30:33, Kinda wanna cry. Kinda wanna stare at the wall. Kinda wanna scream.. kinda wanna be silent . Kinda wanna be alone. Kinda wanna‚Ä¶,-1
233,cobaltjacket,2021-05-06 14:30:34,"No vaccination, no travel (other than cars) would fix this quickly.",-1
234,jimmyshill1,2021-05-06 14:30:34,Are you serious right now?,-1
235,kapilhunachgere,2021-05-06 14:30:35," Spine always grows in the back that is against the wall.

To hell with America. Bharat Biotech has already sourced all‚Ä¶",-1
236,hanshicoups,2021-05-06 14:30:35, new addition to kwon family's wall üòÑ ,1
237,Texas_Ingenuity,2021-05-06 14:30:35," ""Over there, against the back wall.

...I can't attest t'the freshness of the donuts, though.""",0
238,ranitaroy24,2021-05-06 14:30:36," The INDIAN MEDIA surrounds itself in an ecochamber that operates only in the Corridors of power in NEW DELHI

and ARNAB‚Ä¶",0
239,AnkitaP78174771,2021-05-06 14:30:37, It seems RM has one of Yun Hyung Keun's (Korean artist) paintings üñºon the wall in these pics. He kept showing his love for Y‚Ä¶,1
240,horanghaez,2021-05-06 14:30:37, new addition to kwon family's wall üòÑ ,1
241,ArindamGhosh999,2021-05-06 14:30:38," To Delhi-Noida channels. 

For too long U have been peddling a narrative commanded by BJP‚Äôs MO-SHA. Toxic. Many of us no‚Ä¶",0
242,susan1007,2021-05-06 14:30:38, Democrats condemned the Wall that protects Americans against illegal immigration that they encourage for future voters.‚Ä¶,-1
243,dipagafa,2021-05-06 14:30:39, It seems RM has one of Yun Hyung Keun's (Korean artist) paintings üñºon the wall in these pics. He kept showing his love for Y‚Ä¶,1
244,HappywithmyLif2,2021-05-06 14:30:40," According to estimates from border officials, as many as 30,000 illegal immigrants have escaped into the U.S. in just th‚Ä¶",-1
245,123nitin,2021-05-06 14:30:40," Android setup !! 
Wall  
KWGT  
Icons  
Template  ",0
246,_Square1_,2021-05-06 14:30:40," He needs to fit a new overhead dropwire for his full fibre Internet, but isn't convinced he can get the‚Ä¶ ",-1
247,me_anagram,2021-05-06 14:30:41, crashing into people with a minecart after building a 3 meter wall real quick brb,0
248,ethereumJoseph,2021-05-06 14:30:41," üöÄStarting in 15 minutes: day one of #EtherealSummit 

‚ö°Ô∏èToday we will talk NFTs, , Wall Street, , Priva‚Ä¶",0
249,Netaji_NathuRam,2021-05-06 14:30:41," Once upon a time twitter use to be nice üòã
4 YEARS OF REPUBLIC",1
250,maya_legi,2021-05-06 14:30:42, It seems RM has one of Yun Hyung Keun's (Korean artist) paintings üñºon the wall in these pics. He kept showing his love for Y‚Ä¶,1
251,gopherfoot,2021-05-06 14:30:42," According to estimates from border officials, as many as 30,000 illegal immigrants have escaped into the U.S. in just th‚Ä¶",-1
252,its___jessica,2021-05-06 14:30:42,         Editor-In-Chief‚Ä¶ ,0
253,j_hanniehae,2021-05-06 14:30:43, new addition to kwon family's wall üòÑ ,1
254,ayurrraaa,2021-05-06 14:30:43, Kinda wanna cry. Kinda wanna stare at the wall. Kinda wanna scream.. kinda wanna be silent . Kinda wanna be alone. Kinda wanna‚Ä¶,-1
255,tommy_nygrooves,2021-05-06 14:30:43, Bat flipping for a hit that doesn‚Äôt even get to the wall should be a 3 game suspension  ‚Ä¶,0
256,ArindamGhosh999,2021-05-06 14:30:43, These channels have not only been complicit in peddling the BJP‚Äôs false narrative but have done far worse things like inc‚Ä¶,-1
257,Golden_Seagul,2021-05-06 14:30:44, .'s next set of articles on #WestBengal: Despite the sharp growth by  in the State in the last half-deca‚Ä¶,-1
258,HogeArmy,2021-05-06 14:30:44," The painting will be delivered to the collector


Foundation link:‚Ä¶ ",0
259,iasiansex,2021-05-06 14:30:45," Go to  to watch the rest of the video and hundreds of FREE posts on my wall ! NO PAY PER VIEW!!!
#‚Ä¶",1
260,IcyHuerter,2021-05-06 14:30:47, wight wall,0
261,KofiCoke,2021-05-06 14:30:47, If I march around you 7 times will you fall like the wall of Jericho for meüòç ,1
262,idmflh_,2021-05-06 14:30:47, not even cloth they literally glued the papers to the wall and sticked it next to each other the effort plshskdjd  #‡∏î‡∏µ‡∏≠‡∏≤‚Ä¶,0
263,TrivediVarnika,2021-05-06 14:30:49,"  is BIRTH OF INDEPENDENT NATIONALIST MEDIA IN INDIA

HAPPY 4th BIRTHDAY

4 YEARS OF REPUBLIC",1
264,wbznewsradio,2021-05-06 14:30:49," The medical examiner has arrived on scene in Newton. Initial reports are a wall collapsed, resulting in injuries. No fur‚Ä¶",-1
265,iasiansex,2021-05-06 14:30:50, Come and see all my xxx content FOR FREE AT  NO PAY PER VIEW!! Everything is POSTED FREE ON MY WAL‚Ä¶,1
266,ranitaroy24,2021-05-06 14:30:50," All other news networks who all r basically presstitutes has to do paid trends, but  is the only news network‚Ä¶",0
267,shilpaj39840272,2021-05-06 14:30:50," As Covid wave hits and threatens our rural pockets,  under  undertakes a strong Covid prevention dr‚Ä¶",1
268,MStimley,2021-05-06 14:30:50,"When a single guy ponders redecorating his apartment. (These can all be found under the search term ""tapestry"" or ""‚Ä¶ ",0
269,BennyBongoP3fan,2021-05-06 14:30:50, Wall's ice-cream rules.,0
270,nilasishkar_jio,2021-05-06 14:30:51," To Delhi-Noida channels. 

For too long U have been peddling a narrative commanded by BJP‚Äôs MO-SHA. Toxic. Many of us no‚Ä¶",0
271,farahnatasha,2021-05-06 14:30:52,Me rn.,0
272,Gotimedolphins,2021-05-06 14:30:52, Writing was in red ink on the wall when Dolphins drafted Jevon Holland in 2nd round. Brian Flores sees Holland as having‚Ä¶,0
273,saigal_nikhil,2021-05-06 14:30:52,         Stop just calling‚Ä¶ ,-1
274,nikideritrea,2021-05-06 14:30:53," Yeap... Why bother even with z most elementary geographic facts about ppl &amp; places 1 has no care for? 

The exigency here i‚Ä¶",-1
275,whobuildsarks,2021-05-06 14:30:54, Writing was in red ink on the wall when Dolphins drafted Jevon Holland in 2nd round. Brian Flores sees Holland as having‚Ä¶,0
276,lizamariew152,2021-05-06 14:30:56," Jesus is not pro-gun, that‚Äôs just your Republican lawmaker. 

Jesus is not pro building the wall, that‚Äôs just xenophobia.‚Ä¶",0
277,KGabrielle_,2021-05-06 14:30:56,"If I sleeping next to you, the worst thing you could do is play snaps and I still sleeping. Immediate phone buss into the wall",-1
278,TrivediVarnika,2021-05-06 14:30:56," The INDIAN MEDIA surrounds itself in an ecochamber that operates only in the Corridors of power in NEW DELHI

and ARNAB‚Ä¶",0
279,_ibnn21,2021-05-06 14:30:57, When you trying to get the remote after it fell between the couch and wall,0
280,MaeLiwan1,2021-05-06 14:30:57, It seems RM has one of Yun Hyung Keun's (Korean artist) paintings üñºon the wall in these pics. He kept showing his love for Y‚Ä¶,1
281,Forextigress,2021-05-06 14:30:58,Investment and Trading: FOREX  TRADING   #Recovery hopes to underpin #Wall S...  ,1
282,duchesshazard,2021-05-06 14:30:59," Vintage Owl Latch Hook Wall Hanging Wilderness Decor Retro Art 27"" x 20""  via  #ebay #vint‚Ä¶",0
283,kettleglow,2021-05-06 14:31:00,... oh! baelsars wall already! reached that faster than i thought i would,1
284,greatermcr,2021-05-06 14:31:00,"üí°Have you been thinking of External Wall Insulation?
‚ùìDid you know it could improve your home by:
- Less heat loss‚Ä¶ ",1
285,Bhmllr,2021-05-06 14:31:01," Look what‚Äôs been hiding for a couple decades. #YalePeabodyRenovation

This mural was painted on an internal wall back in t‚Ä¶",-1
286,starfishio,2021-05-06 14:31:01,  Track limits are easily enforced if you swap 100m run off areas with with gravel traps‚Ä¶ ,1
287,Netaji_NathuRam,2021-05-06 14:31:01," Welcome to Twitter, ! We are happy to be your microphone to the Nation üáÆüá≥ &amp; World üåé ",1
288,pandaluver365,2021-05-06 14:31:01," ""The 'America's Mayor' thing was a myth, a complete fluke caused by 9/11. Giuliani was always a brutal and controversial‚Ä¶",-1
289,calix_adrian,2021-05-06 14:31:02, Margot Robbie - The Wolf of Wall Street (2013) ,0
290,jahaewint,2021-05-06 14:31:02," ""what do you mean 'GRAB ONTO THE WALL'??"" ",0
291,TrumpPence4More,2021-05-06 14:31:02,"From this to released prisoners and defunding police, politicians are not doing what they are paid for by taxpayers‚Ä¶ ",-1
292,FarukMe00518522,2021-05-06 14:31:03," To Delhi-Noida channels. 

For too long U have been peddling a narrative commanded by BJP‚Äôs MO-SHA. Toxic. Many of us no‚Ä¶",0
293,sarvatathagata,2021-05-06 14:31:03,An excellent thread to read if you want to understand how Bengal voted.,1
294,wescopeland_,2021-05-06 14:31:03,gme to the moon any%,0
295,chiquibon2,2021-05-06 14:31:04," According to estimates from border officials, as many as 30,000 illegal immigrants have escaped into the U.S. in just th‚Ä¶",-1
296,trufflebuttered,2021-05-06 14:31:04, Come and see all my xxx content FOR FREE AT  NO PAY PER VIEW!! Everything is POSTED FREE ON MY WAL‚Ä¶,1
297,hussain_amz,2021-05-06 14:31:05, These channels have not only been complicit in peddling the BJP‚Äôs false narrative but have done far worse things like inc‚Ä¶,-1
298,ColorInkArt,2021-05-06 14:31:06,"Toronto wall art, Contemporary abstract wall decor, Watercolor Toronto canvas set, Creative modern art, Abstract ar‚Ä¶ ",1
299,shrichandrajosh,2021-05-06 14:31:07,          Thats the reason all the‚Ä¶,0
300,NewJerzeyBoy,2021-05-06 14:31:08,Caitlyn Jenner on the border: 'I am all for the wall' ,0
301,kganyasp,2021-05-06 14:31:08," SIGNATURE COMBOüî•üî•üíØüî•üî•

R 11780 with a free banner wall ! 

üîπ1 x 3 x 3m Std Gazebo + bag +tool kit
üîπ4 x 1.6m Pop Ups
üîπ8 x 2.4‚Ä¶",-1
302,JennyDupuis5,2021-05-06 14:31:08," üö®Eyes on Red Castle,..üëá

   ",0
303,nkingatua,2021-05-06 14:31:09," The man with deep scars in his body will teach you more than the man with deep academic profiles on his wall.

No school teache‚Ä¶",-1
304,nishi821,2021-05-06 14:31:10,       Maybe they are buying time ... But something‚Ä¶,0
305,3ncrypt10nb0y,2021-05-06 14:31:10,   The main room has a stock image of a spoon framed on the wall in the background,0
306,offiCHEOLIyours,2021-05-06 14:31:10, new addition to kwon family's wall üòÑ ,1
307,IamGucciBen,2021-05-06 14:31:11," The man with deep scars in his body will teach you more than the man with deep academic profiles on his wall.

No school teache‚Ä¶",-1
308,Kevinwhited16,2021-05-06 14:31:11, Bidden is so dumb he doesn‚Äôt even know what a wall is. He‚Äôs a puppet for the left,-1
309,queensbett,2021-05-06 14:31:12,i love my cats so much cats are superior to dogs fight with the wall,1
310,hengyue8,2021-05-06 14:31:13," That is #CCPVirus planned by psychic #Xitler for #OBOR.
I know they controlled Indian politics through #CCPVirus.
‚Ä¶",0
311,its___jessica,2021-05-06 14:31:13,         Editor-In-Chief‚Ä¶ ,0
312,DevonLiveNews,2021-05-06 14:31:13,"üî¥ Angry campaigners determined to stop wall from ruining promenade
üî¥ Torbay cruise liner workers from India test po‚Ä¶ ",-1
313,samwin_17,2021-05-06 14:31:13,  Why is it john wall and not kpj,0
314,SonnyFigueroa97,2021-05-06 14:31:13, Bat flipping for a hit that doesn‚Äôt even get to the wall should be a 3 game suspension  ‚Ä¶,0
315,wasd_network,2021-05-06 14:31:14,  I miss the Wall. I'll also never forget that moment when he was standing atop a buildi‚Ä¶ ,0
316,CharlynWalter4,2021-05-06 14:31:17," According to estimates from border officials, as many as 30,000 illegal immigrants have escaped into the U.S. in just th‚Ä¶",-1
317,_priya_7757_,2021-05-06 14:31:17," The INDIAN MEDIA surrounds itself in an ecochamber that operates only in the Corridors of power in NEW DELHI

and ARNAB‚Ä¶",0
318,klgrube,2021-05-06 14:31:18," According to estimates from border officials, as many as 30,000 illegal immigrants have escaped into the U.S. in just th‚Ä¶",-1
319,crybabywest,2021-05-06 14:31:19," Why subscribe to my page? I have just removed any PPV so all my content will be uploaded to my feed with no pay wallüí¶

it's‚Ä¶",1
320,VulpesYifficus,2021-05-06 14:31:19," Art by and featuring  

Talk about breaking the 4th wall! And yes, Cerulien always draws like this. It inspir‚Ä¶",1
321,licinia74,2021-05-06 14:31:19, It seems RM has one of Yun Hyung Keun's (Korean artist) paintings üñºon the wall in these pics. He kept showing his love for Y‚Ä¶,1
322,its___jessica,2021-05-06 14:31:20,          Editor-In-Chief #ArnabG‚Ä¶,0
323,Mu5hu,2021-05-06 14:31:20, Ooooof. Bro why you gotta nail me to the wall like that?,1
324,GMAN23538,2021-05-06 14:31:21," $GOLD is moving today above 1800 level. Expected for my subscribers.

As said, it is vital to change the mindset after a lo‚Ä¶",1
325,BingoisBingo9,2021-05-06 14:31:21,   The constitution of India is the longest written constitution of any countr‚Ä¶ ,0
326,_priya_7757_,2021-05-06 14:31:22," If Arnab  doesn't come today we will hold Dharna( wish we could) , but anyways that doesn't matter!
We will hol‚Ä¶",1
327,simikopakoda,2021-05-06 14:31:22,me and who,0
328,NdichuMburu,2021-05-06 14:31:22," The man with deep scars in his body will teach you more than the man with deep academic profiles on his wall.

No school teache‚Ä¶",-1
329,CosmonautJem,2021-05-06 14:31:23," If you keep voting for the Democrats, they're going to keep taking money from Wall Street

If you keep voting for Democr‚Ä¶",0
330,godforsakethme,2021-05-06 14:31:24,"FORGET THE DAYS WED WASTE IN BED, TANGLED, THE SMOKE STILL ON UR BREATHE UNDRESSED AND PINNING U UP TO THE WALL",-1
331,diddymcc,2021-05-06 14:31:24," If you keep voting for the Democrats, they're going to keep taking money from Wall Street

If you keep voting for Democr‚Ä¶",0
332,mcanosan,2021-05-06 14:31:24, Want to read Quanta stories in print? Our collections ‚ÄúAlice and Bob Meet the Wall of Fire‚Äù and ‚ÄúThe Prime Number Consp‚Ä¶,1
333,Mariana01306895,2021-05-06 14:31:25," According to estimates from border officials, as many as 30,000 illegal immigrants have escaped into the U.S. in just th‚Ä¶",-1
334,BrillArtists,2021-05-06 14:31:25,And have you voted today? The numbers on the wall at our local polling station were deeply depressing at lunchtime.‚Ä¶ ,-1
335,Boy_with_Brains,2021-05-06 14:31:25, These channels have not only been complicit in peddling the BJP‚Äôs false narrative but have done far worse things like inc‚Ä¶,-1
336,68gunssafc,2021-05-06 14:31:25, #RSD21 proceeds to blood cancer charity ,-1
337,infectious_kid,2021-05-06 14:31:25," To Delhi-Noida channels. 

For too long U have been peddling a narrative commanded by BJP‚Äôs MO-SHA. Toxic. Many of us no‚Ä¶",0
338,CBKNEWS17,2021-05-06 14:31:25,"#BREAKING #NEWS: Omar says it's shameful for Biden to finish the Wall.

ALSO BREAKING: Omar is guilty of violating‚Ä¶ ",-1
339,aakshayvats,2021-05-06 14:31:26," Spine always grows in the back that is against the wall.

To hell with America. Bharat Biotech has already sourced all‚Ä¶",-1
340,kmoneeet,2021-05-06 14:31:28," school has me so fucked up, i just wanna throw my laptop at the wall",-1
341,FolkshereiamGew,2021-05-06 14:31:28, just imagining pbest meeting gulf for his live prep and gulfs like o what do u have pbest and pbest just takes out these mul‚Ä¶,1
342,AlyssaM_InfoSec,2021-05-06 14:31:30," Didn't argue that at all. However the belief that this recurrent, straight line of lights in the sky is‚Ä¶ ",1
343,TheStreet,2021-05-06 14:31:30,"Wall Street lauded Zynga ( $ZNGA ) first-quarter results and push into advertising with the Chartboost acquisition.
",0
344,marosbonsai,2021-05-06 14:31:32,"  I visited WW bunker recently. Part of Czechoslovak border fortifications, effectively never used‚Ä¶ ",1
345,elms_JE,2021-05-06 14:31:32," Yellow Labrador Charcoal Drawing Print Labrador Retriever Wall Art, Dog Memorial,  Yellow Dog Picture Gift Choice of Sizes‚Ä¶",1
346,tyalvin1994,2021-05-06 14:31:32," This is it! This file has it all!
20 Min of Video Total! üòú

Cesar - $20 
40 Pics
21 Vids

Jerking with face
Naked Workouts
Di‚Ä¶",0
347,witchyfemm,2021-05-06 14:31:33," ‚ô° tiddie giveaway ‚ô° 

‚Ä¢ must b following me 
‚Ä¢ retweet &amp; like this post 
‚Ä¢ extra entries: tag a friend 
‚Ä¢ winner receiv‚Ä¶",1
348,Shivam22978939,2021-05-06 14:31:33," Who'll take the responsibility ?         
#‚Ä¶",0
349,1MightBePenguin,2021-05-06 14:31:33,    But he won‚Äôt. Tesla board is made of Maxis most likely using their brand name as an‚Ä¶,0
350,LisaParis0307,2021-05-06 14:31:33," Good.  Trump ran for office on the promise to build a wall (lying through his teeth), then frantically threw up 40 miles of‚Ä¶",-1
351,Brooklyn_niwasi,2021-05-06 14:31:34," Mainstreaming continues apace. 1st they ignore u, then they laugh at u, then they oppose u, then u win.... :)

htt‚Ä¶",1
352,FMLN92,2021-05-06 14:31:34, Yui! Help please before she looks at the wall!,1
353,CarolForden,2021-05-06 14:31:35, the next group to target is not the over-discussed vaccine-hesitant but the under-discussed ‚ÄúI‚Äôm not at risk and I‚Äôll ju‚Ä¶,1
354,bs_doe,2021-05-06 14:31:36,   I  live in Europe but lived in the US for 4¬Ω ys watching the decline of‚Ä¶ ,0
355,ShlokamS,2021-05-06 14:31:36," To Delhi-Noida channels. 

For too long U have been peddling a narrative commanded by BJP‚Äôs MO-SHA. Toxic. Many of us no‚Ä¶",0
356,Mary6414,2021-05-06 14:31:36, Here we go again. ü§¶‚Äç‚ôÇÔ∏è calling out the üêê ‚Å¶In the middle of another championship?!?!? ‚Å¶Good luck  ‚Å¶‚Å©  Just went‚Ä¶,1
357,tipsey_russell,2021-05-06 14:31:37," Well, the writing was on the wall with not only the Holland pick but also with the Malik Hooker visit.

Bobby carries‚Ä¶",1
358,asish_routray,2021-05-06 14:31:37,   There is no name for this system. You have to be conscious &amp; aware &amp; mindfu‚Ä¶ ,-1
359,champlin10,2021-05-06 14:31:39, Bat flipping for a hit that doesn‚Äôt even get to the wall should be a 3 game suspension  ‚Ä¶,0
360,ThetaRider,2021-05-06 14:31:39,"You hang there on the wall
You‚Äôve carved out your place
But I can tell you shake from inside

I see it all the time‚Ä¶ ",-1
361,OE43,2021-05-06 14:31:39, I CAN‚ÄôT BELIEVE THAT #SAFEMOON was MENTIONED IN A WALL STREET JOURNAL ARTICLE üî•üöÄüåï!! WE ARE #SAFEMOON #SAFEMOONARMY http‚Ä¶,-1
362,Eldritch_Butts,2021-05-06 14:31:40,  big lady throw me into a brick wall pls,1
363,grvgrv2020,2021-05-06 14:31:40,       KARMA is hitting them hard ! It's been rightly sa‚Ä¶,-1
364,AWebNation,2021-05-06 14:31:41, Bat flipping for a hit that doesn‚Äôt even get to the wall should be a 3 game suspension  ‚Ä¶,0
365,joeninetythree,2021-05-06 14:31:41,I love how people dabble In a couple stocks and start posting on Instagram like there wolf of Wall Street ü•∏ü§£,1
366,Subhashatyadav,2021-05-06 14:31:41," Spine always grows in the back that is against the wall.

To hell with America. Bharat Biotech has already sourced all‚Ä¶",-1
367,asb_pilou,2021-05-06 14:31:42,If you have a minute...,0
368,Hemanth44907468,2021-05-06 14:31:42," To Delhi-Noida channels. 

For too long U have been peddling a narrative commanded by BJP‚Äôs MO-SHA. Toxic. Many of us no‚Ä¶",0
369,Goldenine,2021-05-06 14:31:43," $GOLD is moving today above 1800 level. Expected for my subscribers.

As said, it is vital to change the mindset after a lo‚Ä¶",1
370,DakValues,2021-05-06 14:31:44," According to estimates from border officials, as many as 30,000 illegal immigrants have escaped into the U.S. in just th‚Ä¶",-1
371,cracosal,2021-05-06 14:31:44," According to estimates from border officials, as many as 30,000 illegal immigrants have escaped into the U.S. in just th‚Ä¶",-1
372,PinkieMoskovits,2021-05-06 14:31:44,    Remind me again what happened to the red wall under Corbyn‚Äôs leadership?,0
373,bobbybhartia,2021-05-06 14:31:44," its a matter of shame
If ur EX HM is innocemt why he not prepared to defend himself instead of running‚Ä¶ ",-1
374,Strangedannnnn,2021-05-06 14:31:45, Its comedy seeing all you ‚Äúbuild a wall‚Äù ass mfs celebrating Cinco De Mayo ü§£üá≤üáΩ,1
375,PaulLUFC1919,2021-05-06 14:31:45,"   üòÇüòÇüòÇ ""Here's our new badge. We paid someone actual money to design it, just for‚Ä¶ ",1
376,kr0ckafl0cka,2021-05-06 14:31:45, okay and? ros√© lived with a hole in a wall with a mattress,1
377,joel_krahn,2021-05-06 14:31:46,"     People on this thread just keep saying that, keep backing up a‚Ä¶ ",0
378,paddenmyfrenchh,2021-05-06 14:31:46, Fellow economically dumb guy here.. is this something that‚Äôs fairly easy to understand? If I could tur‚Ä¶ ,-1
