author,date,text
bkakshay39,2021-05-06 14:28:48,"RT @iamdrzahid: #Promote2SR
Don‚Äôt torture the pg residents ....WE ARE ALREADY EXHAUSTED #JusticeForFinalYrPG #Promote2SR 

@aajtak  @ndtvin‚Ä¶"
Christipaws,2021-05-06 14:28:49,RT @eduneret: Elise Stefanik is now the front-runner to replace Liz Cheney as GOP Conference Chair. A thread on some of her votes in Congre‚Ä¶
tzugyutae,2021-05-06 14:28:49,RT @sounds_of_cheol: new addition to kwon family's wall üòÑ https://t.co/eqNwKlOOZ9
EricLow69046856,2021-05-06 14:28:49,"RT @SteveDeaceShow: Imagine your last act on Earth before you meet your Maker is ""I voted for someone obviously afflicted with mental illne‚Ä¶"
lovmgyu,2021-05-06 14:28:50,RT @sounds_of_cheol: new addition to kwon family's wall üòÑ https://t.co/eqNwKlOOZ9
dhara84,2021-05-06 14:28:51,RT @AOLSwamiji: Volunteers of @ArtofLiving -Singapore doing remarkable service to support India during these trying times. (Ms Nishi Kuttan‚Ä¶
MarkCCrowley,2021-05-06 14:28:52,"RT @RicherEarth: Every manager should hang this on his or her wall. In the end, it's all about respect and kindness. #management #leadershi‚Ä¶"
planet_miya,2021-05-06 14:28:52,"RT @JasonBeast_: You know what they say about a masterpiece..

PIN HER TO THE WALL üòà@MorganReeseXO https://t.co/7vu21GsF2B"
NonVitalTooth,2021-05-06 14:28:53,"@Duurianne Place a shark jaws skeleton on your wall , it would definitely drive away your phobia eventually https://t.co/JVX989liIS"
Isfar2020,2021-05-06 14:28:54,RT @SaketGokhale: These channels have not only been complicit in peddling the BJP‚Äôs false narrative but have done far worse things like inc‚Ä¶
tradermaymz,2021-05-06 14:28:55,"$PDPR
Small wall on the ask at .0001 for 31m
I‚Äôm down about 97.9% not to worried just need to bounce here #Joke"
BlaxeDj,2021-05-06 14:28:55,To the window..... To the wall.... @ktnhome_ @ktnbtv @ktn_iwake @chromeke #flownachrome #ktniwake #pioneerdj‚Ä¶ https://t.co/8serhyvmgK
Marc_Allen513,2021-05-06 14:28:56,"RT @GOPChairwoman: According to estimates from border officials, as many as 30,000 illegal immigrants have escaped into the U.S. in just th‚Ä¶"
Thee_Ratz,2021-05-06 14:28:57,RT @wrangelist: Elder Paisios throws a young man against the wall with slight move of his hand after he grabbed the elder and blasphemed hi‚Ä¶
nuigurumiSaku,2021-05-06 14:28:57,4th wall break #sgDarling  #NintendoSwitch https://t.co/9evhEhnZnl
mckdaddy1,2021-05-06 14:28:57,RT @jrbrowntx: Celebrating a fly out like it‚Äôs a home turn: Joc Pederson finally became a Cub. https://t.co/p5RrnmHamt
uikuro,2021-05-06 14:28:57,Breakthrough the wall! it's the end of sorrow of the truth
Massawa93933746,2021-05-06 14:28:58,"RT @Gauleritra: Yeap... Why bother even with z most elementary geographic facts about ppl &amp; places 1 has no care for? 

The exigency here i‚Ä¶"
sanjeevkhanna2,2021-05-06 14:28:59,RT @AshishG78849401: @AdvocateDipika @SunnyDewan @PMOIndia @FinMinIndia @DFS_India @RBI @rashtrapatibhvn @narendramodi @AmitShah @nsitharam‚Ä¶
MarkAnthonySm16,2021-05-06 14:29:00,"RT @Belladonnahome: King Of The Jungle Wall Art Animal
https://t.co/W9YdQAlUO1
#artprint #artprints #art #artwork #artforsale #canvasart #c‚Ä¶"
PartmalX,2021-05-06 14:29:00,"RT @derekobrienmp: To Delhi-Noida channels. 

For too long U have been peddling a narrative commanded by BJP‚Äôs MO-SHA. Toxic. Many of us no‚Ä¶"
charlottey_x,2021-05-06 14:29:00,RT @itsbambibanks: Every time I see Kim where white u think of that stain on khloes wall and I question how she keeps it off her clothes
ESpirit72,2021-05-06 14:29:01,"RT @dinnerwithjulie: Hey Calgary, this is a great idea. This could be an effective way to support restaurants *and* help ensure people are‚Ä¶"
carolshade,2021-05-06 14:29:01,"RT @AriannaSuccubus: üï∑ üï∏ üï∑ üï∏ üï∑ üï∏ üï∑ üï∏ üï∑ üï∏ üï∑

                  T H E   B O N D

        Raven Forest. Gray Realm
                   Six year‚Ä¶"
gsmanes,2021-05-06 14:29:01,"RT @derekobrienmp: To Delhi-Noida channels. 

For too long U have been peddling a narrative commanded by BJP‚Äôs MO-SHA. Toxic. Many of us no‚Ä¶"
PrincessTubTubb,2021-05-06 14:29:02,@DallasTexasTV I thought Mexico was paying for the wall. Lol
mindflayer_309,2021-05-06 14:29:02,@derekobrienmp @TimesNow @CNNnews18 @republic @aajtak @ABPNews @ZeeNews @indiatvnews @IndiaToday Repent before its‚Ä¶ https://t.co/PVygojl988
Sachit34618410,2021-05-06 14:29:03,"RT @BhuyanAnimesh: Yes why cbse not understanding our mental pressure please cancel 12 board exams
#CANCEL12THBOARDEXAM2021 
#DONTIGNORE12T‚Ä¶"
mak__kp,2021-05-06 14:29:03,"RT @Ripudaman27: #Promote2SR #JusticeForFinalYrPG

@aajtak  @ndtvindia @IndianExpress  @TOIIndiaNews  @ANI @ABPNews @ZeeNews @ETNOWlive  @A‚Ä¶"
kaif_sofia,2021-05-06 14:29:03,"@baybayfeverrr @nbcsnl @elonmusk fell 0.54% to end at 33,875.31 points, while the S&amp;P 500 lost 0.72% to 4,181.22
Te‚Ä¶ https://t.co/eSGUjSGdrk"
FinancialNews,2021-05-06 14:29:04,"As London heads to the polls, incumbent Sadiq Khan pulls way ahead with bettors. But this ex-Wall Street broker cou‚Ä¶ https://t.co/mUEcuTPgFM"
WSJmarkets,2021-05-06 14:29:04,"Heard on the Street: A temporary patent waiver backed by the Biden administration won‚Äôt impact short-term profits,‚Ä¶ https://t.co/N9UxFUqYkJ"
powhatannative,2021-05-06 14:29:04,@vondollo JK thought doubling down on racism was a good idea as a grown person! I would never have done this as a c‚Ä¶ https://t.co/VytOZ0it2O
demerarabird,2021-05-06 14:29:05,"RT @V4Woodflooring: More than just wood floors, we also do a range of concrete wall panels. Concreate wall panels are lightweight pre-cast‚Ä¶"
kaif_sofia,2021-05-06 14:29:06,"@baybayfeverrr @nbcsnl @elonmusk fell 0.54% to end at 33,875.31 points, while the S&amp;P 500 lost 0.72% to 4,181.22
Te‚Ä¶ https://t.co/y4MVF0F3fm"
victoria12145,2021-05-06 14:29:06,"RT @aashleygiselle: school has me so fucked up, i just wanna throw my laptop at the wall"
AftabHind,2021-05-06 14:29:07,"RT @ARanganathan72: Spine always grows in the back that is against the wall.

To hell with America. Bharat Biotech has already sourced all‚Ä¶"
IsabelleKocon,2021-05-06 14:29:07,"Love this! The unique wall lighting is an interesting spin on this centuries old design.

Isabelle Kocon, Realtor S‚Ä¶ https://t.co/yrXmvl6vhd"
JoanBadarak,2021-05-06 14:29:07,"RT @DonaldJTrumpJr: CNN is wall to wall public relations &amp; rapid response for their favorite warmonger, Liz Cheney...Which tells you everyt‚Ä¶"
sgarg1981,2021-05-06 14:29:07,@mayursejpal @ibhagwa_n @MamataOfficial @RubikaLiyaquat  @sambitswaraj @gauravbh @indiatvnews @RajatSharmaLive‚Ä¶ https://t.co/N0oDtBQAii
7pntperspective,2021-05-06 14:29:08,My nidjig order shipped today. I literally have like three orders in the mail from @NIDJIG1 rn I can't wait to put‚Ä¶ https://t.co/unu5uz73rJ
kaif_sofia,2021-05-06 14:29:08,"@baybayfeverrr @nbcsnl @elonmusk fell 0.54% to end at 33,875.31 points, while the S&amp;P 500 lost 0.72% to 4,181.22
Te‚Ä¶ https://t.co/yRzlvAnfIH"
TarunSh52286991,2021-05-06 14:29:08,"1 M+  Student's have tweeted 
#cancel12thboardexmas2021 
But there is no statement from the govt or education minis‚Ä¶ https://t.co/di9nF284hw"
Jack112244,2021-05-06 14:29:09,"RT @Priti01888931: Most cutest üòç sweetest ü•∞
dearest üíï loveble üíò
@republic

4 YEARS OF REPUBLIC https://t.co/hXEWJOMxr7"
defversez,2021-05-06 14:29:10,"the canvases on the wall look like adoy album covers „Öã„Öã„Öã 

@JAYBDEF___ #JAYB #Ï†úÏù¥ÎπÑ https://t.co/6pXJzlwETY"
TMFMaximus,2021-05-06 14:29:10,@ChanseyDaRapper Really like that wall paneling dude.
itsASaha,2021-05-06 14:29:11,@derekobrienmp @TimesNow @CNNnews18 @republic @aajtak @ABPNews @ZeeNews @indiatvnews @IndiaToday Threatening Media‚Ä¶ https://t.co/4MyCZnx51l
kaif_sofia,2021-05-06 14:29:11,"@baybayfeverrr @nbcsnl @elonmusk fell 0.54% to end at 33,875.31 points, while the S&amp;P 500 lost 0.72% to 4,181.22
Te‚Ä¶ https://t.co/MwS70ZL9xt"
AlexanderDeSma3,2021-05-06 14:29:11,"RT @tradermaymz: $PDPR
Small wall on the ask at .0001 for 31m
I‚Äôm down about 97.9% not to worried just need to bounce here #Joke"
AcesDomain,2021-05-06 14:29:12,why is this so relatable
ui_zero2,2021-05-06 14:29:13,"RT @_KryptWalk: Patterns - When you go into your next game, I dont want you to look at the enemies previous rank. LOOK AT THE AGENT you're‚Ä¶"
sabithasan,2021-05-06 14:29:13,"RT @derekobrienmp: To Delhi-Noida channels. 

For too long U have been peddling a narrative commanded by BJP‚Äôs MO-SHA. Toxic. Many of us no‚Ä¶"
kaif_sofia,2021-05-06 14:29:15,"@baybayfeverrr @nbcsnl @elonmusk fell 0.54% to end at 33,875.31 points, while the S&amp;P 500 lost 0.72% to 4,181.22
Te‚Ä¶ https://t.co/I2xYd6Gbug"
JThesma,2021-05-06 14:29:15,"RT @ARanganathan72: Spine always grows in the back that is against the wall.

To hell with America. Bharat Biotech has already sourced all‚Ä¶"
PhilShow987,2021-05-06 14:29:15,"Sometimes in job interviews, the interviewer will throw a random, off-the-wall question at you to see how well you‚Ä¶ https://t.co/EvmIKix5jX"
jigsaw5714,2021-05-06 14:29:15,RT @SaketGokhale: These channels have not only been complicit in peddling the BJP‚Äôs false narrative but have done far worse things like inc‚Ä¶
Samantha4Blue,2021-05-06 14:29:16,"@exdemnewRep @RKAggarwal @KamalaHarris @bennydiego All GOP policies are against people, especially minorities. Good‚Ä¶ https://t.co/85Jtd8yeoU"
LynnNoronha,2021-05-06 14:29:16,RT @SaketGokhale: These channels have not only been complicit in peddling the BJP‚Äôs false narrative but have done far worse things like inc‚Ä¶
VMichl,2021-05-06 14:29:18,"A fascinating world behind the TV wall - shooting the ""Autodesk LIVE 2022"" conference in Prague yesterday"
marysouth,2021-05-06 14:29:18,@CarlynZwaren That's a good question. One of my favorite contributions to this genre is THE WALL by Marlen Haushofe‚Ä¶ https://t.co/77wVWIulqp
DorcasKennedy6,2021-05-06 14:29:19,RT @cochraf: @globalnews Why are you reporting this drivel? The PM has offered help to all of the premiers. We have heard him. Kenney to da‚Ä¶
MrJonCryer,2021-05-06 14:29:19,"RT @nataliesurely: Jenner has noticed two things: that a cynical run for office gets you tons of airtime, and that the Right loves propping‚Ä¶"
kaif_sofia,2021-05-06 14:29:19,"@baybayfeverrr @nbcsnl @elonmusk fell 0.54% to end at 33,875.31 points, while the S&amp;P 500 lost 0.72% to 4,181.22
Te‚Ä¶ https://t.co/6KmsE6NCYZ"
mightbe_peju,2021-05-06 14:29:20,RT @mvllibu: Kinda wanna cry. Kinda wanna stare at the wall. Kinda wanna scream.. kinda wanna be silent . Kinda wanna be alone. Kinda wanna‚Ä¶
Hindu_Vish,2021-05-06 14:29:20,"RT @ARanganathan72: Spine always grows in the back that is against the wall.

To hell with America. Bharat Biotech has already sourced all‚Ä¶"
clh14210,2021-05-06 14:29:20,WEAKü§¶üèª‚Äç‚ôÇÔ∏èüòÇüòÇüòÇ
gratott,2021-05-06 14:29:21,"RT @damian_from: For some reason it really triggers Blairites and centrists when people state the fact that #CorbynHeldHartlepool twice.

I‚Ä¶"
kaif_sofia,2021-05-06 14:29:22,"@baybayfeverrr @nbcsnl @elonmusk fell 0.54% to end at 33,875.31 points, while the S&amp;P 500 lost 0.72% to 4,181.22
Te‚Ä¶ https://t.co/tLQdDVqacu"
AshleyMonrox,2021-05-06 14:29:22,"RT @__fvckme: my onlyfans is $4 for the next 40 people :*

subscribe to see the full photo set [45 pics] posted on my wall &lt;3
https://t.co/‚Ä¶"
RizviSalim,2021-05-06 14:29:23,RT @SaketGokhale: These channels have not only been complicit in peddling the BJP‚Äôs false narrative but have done far worse things like inc‚Ä¶
Thirdtimeluck15,2021-05-06 14:29:23,"RT @silverguru22: CFTC‚Äôs  Acting Chairman, Rostin Behnam, said on the record he was acknowledging and condoning attempts by Wall Street bul‚Ä¶"
therealpinoyrob,2021-05-06 14:29:23,"@AEW Kanyon flew so Jericho could land in whatever that was. For a company that is basically wcw, how could you not‚Ä¶ https://t.co/8XaRr5BI3r"
kingz_dead_,2021-05-06 14:29:23,RT @sarahlugor: two scrawny people cuddling call that wall to wall
ahmileys,2021-05-06 14:29:23,RT @bayot_diay_ko: do u ever just wanna hit ur head on a wall or smth
RishikaShetty7,2021-05-06 14:29:23,"RT @PurplePelican19: Remember @Republic's Dabbawala initiative? They raised funds to help them during lockdown. 

Republic is Love.‚ù§
4 YEAR‚Ä¶"
AlbertFlorin1,2021-05-06 14:29:24,@FabrizioRomano That man is a wall! A walking wall
TheStreet,2021-05-06 14:29:24,"RT @jimcramer: This SEC will not he a pushover. Will they like the fact that Wall Street Bets put together a ""syndicate"" that should be fou‚Ä¶"
trufflebuttered,2021-05-06 14:29:24,"RT @TheKTCassidy: Go to https://t.co/ibOgcdyaXx to watch the rest of the video and hundreds of FREE posts on my wall ! NO PAY PER VIEW!!!
#‚Ä¶"
74Talk,2021-05-06 14:29:24,RT @Lane_Kiffin: Here we go again. ü§¶‚Äç‚ôÇÔ∏è calling out the üêê ‚Å¶In the middle of another championship?!?!? ‚Å¶Good luck  ‚Å¶@AlabamaFTBL‚Å©  Just went‚Ä¶
kaif_sofia,2021-05-06 14:29:25,"@baybayfeverrr @nbcsnl @elonmusk fell 0.54% to end at 33,875.31 points, while the S&amp;P 500 lost 0.72% to 4,181.22
Te‚Ä¶ https://t.co/tMnUjWBWKZ"
RohanPr81804469,2021-05-06 14:29:26,"RT @derekobrienmp: To Delhi-Noida channels. 

For too long U have been peddling a narrative commanded by BJP‚Äôs MO-SHA. Toxic. Many of us no‚Ä¶"
MonicaD66590284,2021-05-06 14:29:26,"RT @Ripudaman27: #Promote2SR #JusticeForFinalYrPG

@aajtak  @ndtvindia @IndianExpress  @TOIIndiaNews  @ANI @ABPNews @ZeeNews @ETNOWlive  @A‚Ä¶"
mayread3,2021-05-06 14:29:27,"RT @cam_langford: NEW dev. in the National Butterfly Center's lawsuit against  @WeBuildtheWall in South Texas

 WBtW was ostensibly formed‚Ä¶"
ArchibaldKgomo,2021-05-06 14:29:27,RT @BrasilEdition: Adriano‚Äôs reaction to being introduced into the Maracan√£ Wall of Fame ‚ù§Ô∏è https://t.co/Rts1bSuqD8
OscarJetson,2021-05-06 14:29:27,"Sleepy Cockapoo Dog Owner Gift, Abstract Painting Wall Art Print Signed by Artist A4 A3 11x14‚Ä¶ https://t.co/F95SlpuPgh"
LemonPonk,2021-05-06 14:29:27,@CR1ME_CH1LD I keep reading it as the like air refreshing thing so I keep thinking they ate those air thingys you plug into the wall
itsiiiifav,2021-05-06 14:29:28,RT @mvllibu: Kinda wanna cry. Kinda wanna stare at the wall. Kinda wanna scream.. kinda wanna be silent . Kinda wanna be alone. Kinda wanna‚Ä¶
mamakatie64,2021-05-06 14:29:30,He's hiding in many accounts.  Pathetic
BTS_Laiba,2021-05-06 14:29:30,RT @choi_bts2: It seems RM has one of Yun Hyung Keun's (Korean artist) paintings üñºon the wall in these pics. He kept showing his love for Y‚Ä¶
NovasTaylor,2021-05-06 14:29:30,"Totally agree with Mike Atkin @KGConference
 #KGC2021: You can't push #KnowledgeGraph implementation in a large com‚Ä¶ https://t.co/zPaFf0mPOX"
vinayakven,2021-05-06 14:29:32,@VMBJP @BJP4Bengal @BJP4India @narendramodi @JPNadda @AmitShah @DilipGhoshBJP @RahulSinhaBJP @MamataOfficial  excel‚Ä¶ https://t.co/9ENhZC1wlU
TheRealSquid10,2021-05-06 14:29:32,RT @putseller1: 50 % of Retail volume going thru Citadel instead of Exchange and still you think Retail Investor formed a syndicate ? may b‚Ä¶
biwieilishh,2021-05-06 14:29:32,RT @mvllibu: Kinda wanna cry. Kinda wanna stare at the wall. Kinda wanna scream.. kinda wanna be silent . Kinda wanna be alone. Kinda wanna‚Ä¶
TarunSh52286991,2021-05-06 14:29:33,"RT @TarunSh52286991: 1 M+  Student's have tweeted 
#cancel12thboardexmas2021 
But there is no statement from the govt or education minister‚Ä¶"
MrFlibble72LFC,2021-05-06 14:29:34,"RT @scotland_ewan: All On All You're Just Another prick Like Max Wall
#ComediansInSongOrFilm"
sophiacol,2021-05-06 14:29:34,RT @jane__bradley: Dead from laughing at this piece about London written in the style of Londoners writing about the north ‚Äî via my fellow‚Ä¶
BustingSa,2021-05-06 14:29:34,"RT @KarenEvansJack: There are reports that the horses at Fairview were NOT attacked, but let out. One jumped a fence and hit a wall and bro‚Ä¶"
ShivBhaktSSR,2021-05-06 14:29:34,@republic We are forever grateful to you Thank you for being there ‚ô•Ô∏è
TBGFL,2021-05-06 14:29:35,"RT @derekobrienmp: To Delhi-Noida channels. 

For too long U have been peddling a narrative commanded by BJP‚Äôs MO-SHA. Toxic. Many of us no‚Ä¶"
patdmd,2021-05-06 14:29:35,"RT @graddhybpc: $GOLD is moving today above 1800 level. Expected for my subscribers.

As said, it is vital to change the mindset after a lo‚Ä¶"
Sleestak,2021-05-06 14:29:35,@Ugarles @jason1749 Back in the day (Military) we'd interview a guy about something illegal/against regs and he'd d‚Ä¶ https://t.co/y9Bwco3vc9
suzanne184,2021-05-06 14:29:35,RT @rch371: So private rent extraction through publicly conferred private monopoly privileges over the use of publicly subsidized invention‚Ä¶
vibin_in_tally,2021-05-06 14:29:37,RT @yardiestyle2: Pinned &amp; Cornered Jack Thee stallion in the shower no where to to run digging him into to the wall he so fine I could eat‚Ä¶
Head_Huntin_31,2021-05-06 14:29:37,RT @barstoolsports: Bat flipping for a hit that doesn‚Äôt even get to the wall should be a 3 game suspension @barstoolchicago https://t.co/q9‚Ä¶
Amrch1,2021-05-06 14:29:38,"RT @OrionPhinery: BREAKING NEWS: Omar says it's shameful for Biden to finish the Wall. 
üëäüèªü™ñüá∫üá∏
ALSO BREAKING: Omar is guilty of violating U.‚Ä¶"
ImGinaHope1,2021-05-06 14:29:38,RT @choi_bts2: It seems RM has one of Yun Hyung Keun's (Korean artist) paintings üñºon the wall in these pics. He kept showing his love for Y‚Ä¶
ipurple_137,2021-05-06 14:29:39,RT @choi_bts2: It seems RM has one of Yun Hyung Keun's (Korean artist) paintings üñºon the wall in these pics. He kept showing his love for Y‚Ä¶
4thViv,2021-05-06 14:29:39,"‚Å¶@JoeManchinWV‚Å©
You still want to include the GOP in all decisions, Senator Manchin?üëáüèøüëáüèøüëáüèøüëáüèøüëáüèøüëáüèøüëáüèø

""McConnell Says‚Ä¶ https://t.co/cN3vjz62OX"
subaganesh,2021-05-06 14:29:40,"RT @ARanganathan72: Spine always grows in the back that is against the wall.

To hell with America. Bharat Biotech has already sourced all‚Ä¶"
phil_sakyi,2021-05-06 14:29:41,RT @BrasilEdition: Adriano‚Äôs reaction to being introduced into the Maracan√£ Wall of Fame ‚ù§Ô∏è https://t.co/Rts1bSuqD8
Faithmw1,2021-05-06 14:29:41,"RT @amerix: The man with deep scars in his body will teach you more than the man with deep academic profiles on his wall.

No school teache‚Ä¶"
belbel1989,2021-05-06 14:29:42,"@madookietrash It‚Äôs Bruno Mars, if you disagree, fight with the wall"
karl_1618,2021-05-06 14:29:43,"RT @pearl4minhoon: Is the WINNER wall still there? I mean it‚Äôs just a fcking wall but you know, fan things to do in SK ü•∫ü•∫ https://t.co/AOni‚Ä¶"
princevantaee,2021-05-06 14:29:43,RT @choi_bts2: It seems RM has one of Yun Hyung Keun's (Korean artist) paintings üñºon the wall in these pics. He kept showing his love for Y‚Ä¶
SalientSloth1,2021-05-06 14:29:43,RT @putseller1: 50 % of Retail volume going thru Citadel instead of Exchange and still you think Retail Investor formed a syndicate ? may b‚Ä¶
LouC666,2021-05-06 14:29:43,"@EthereumWave @scwynne @VP Sure, whatever you say.

https://t.co/vzdG0YNBme"
CBryceTeckro,2021-05-06 14:29:44,RT @teckroofficial: Add your dot to the wall and help build awareness about #ovariancancer! Join @ovariancancerco in revealing the bigger p‚Ä¶
Shrey2311,2021-05-06 14:29:44,@ankit69bhardwaj @ArvindKejriwal @ndtv @republic @msisodia @SonuSood We demand strong action against this heinous crime of this Hospital
TodaroMax,2021-05-06 14:29:45,RT @CNNPolitics: Caitlyn Jenner says she is ‚Äúall for the wall‚Äù but that California is a ‚Äúcompassionate state‚Äù in her first TV interview as‚Ä¶
UtdAll,2021-05-06 14:29:46,Icons @cbarnesaudio Wall @Pinterest Widget @ev_ynw AE @ajitbtw #frontpage #mysb @JunesIphone @screenshot_pro ‚úåüèº‚Ä¶ https://t.co/bLCtTRBN3k
26v8mG5L8,2021-05-06 14:29:46,RT @Rainbowslut__: Mirror mirror on the wall ... https://t.co/PfyewzR7We
MilcasaStore,2021-05-06 14:29:46,Magic 2 ‚Äì Wall Mount Concealed Sliding System for Wood Doors https://t.co/IKEfP2NARx #barndoor #slidingdoor‚Ä¶ https://t.co/unmiXf3fBu
Tani375196,2021-05-06 14:29:46,RT @choi_bts2: It seems RM has one of Yun Hyung Keun's (Korean artist) paintings üñºon the wall in these pics. He kept showing his love for Y‚Ä¶
FCCRWF,2021-05-06 14:29:46,For the wall and no new taxes.
EuroBoyGinobli,2021-05-06 14:29:47,"How could anyone like this guy. I‚Äôve said it for years. He may be the most talented guy, but he is the most poor le‚Ä¶ https://t.co/3ttuqDf1ks"
shuaibbarnawi,2021-05-06 14:29:47,"RT @Jakepor21: $1.6 billion lekki port project reaches 50% completion.
The company said it has completed its 1,909m long core of the main b‚Ä¶"
aamlive,2021-05-06 14:29:48,"Gene Peroni‚Äôs Daily Podcast: If you‚Äôve been on Wall Street for a number of years, you realize you just can‚Äôt fight‚Ä¶ https://t.co/7SmDILTIQm"
shimoney333,2021-05-06 14:29:48,RT @SafeHodlToMoon: I CAN‚ÄôT BELIEVE THAT #SAFEMOON was MENTIONED IN A WALL STREET JOURNAL ARTICLE üî•üöÄüåï!! WE ARE #SAFEMOON #SAFEMOONARMY http‚Ä¶
heeraman98,2021-05-06 14:29:49,"RT @ARanganathan72: Spine always grows in the back that is against the wall.

To hell with America. Bharat Biotech has already sourced all‚Ä¶"
MarcelloRuffini,2021-05-06 14:29:49,RT @pepetideo: @MarcelloRuffini @Jumazz @its_johnmartin I thought @Keir_Starmer would be better ... but unfortunately he is a better leader‚Ä¶
RandyBlanda,2021-05-06 14:29:50,RT @barstoolsports: Bat flipping for a hit that doesn‚Äôt even get to the wall should be a 3 game suspension @barstoolchicago https://t.co/q9‚Ä¶
JazzynupeXbox,2021-05-06 14:29:51,"@SFGiants Happy birthday to the ""Say Hey"" kid forever. Enshrined in the Hall of Fame &amp; Willie Mays Plaza, and the 2‚Ä¶ https://t.co/fYGeudLFsP"
VishnuV77907019,2021-05-06 14:29:51,"RT @Ripudaman27: #Promote2SR #JusticeForFinalYrPG

@aajtak  @ndtvindia @IndianExpress  @TOIIndiaNews  @ANI @ABPNews @ZeeNews @ETNOWlive  @A‚Ä¶"
John_of_the_As,2021-05-06 14:29:51,RT @putseller1: 50 % of Retail volume going thru Citadel instead of Exchange and still you think Retail Investor formed a syndicate ? may b‚Ä¶
TheCollegeCaps,2021-05-06 14:29:52,"Over the course of this short MLB season, I have not at all produced. Game after game continuing to beat the market‚Ä¶ https://t.co/4rXnKxNu2d"
Nidhiproudone,2021-05-06 14:29:52,"@republic is BIRTH OF INDEPENDENT NATIONALIST MEDIA IN INDIA

HAPPY 4th BIRTHDAY

4 YEARS OF REPUBLIC"
ksoododks,2021-05-06 14:29:53,"@helldaddy_ Okay, fine. I wouldn't be opposed to wall climbing. Seems like a fun date."
SaakshiS,2021-05-06 14:29:53,"RT @ARanganathan72: Spine always grows in the back that is against the wall.

To hell with America. Bharat Biotech has already sourced all‚Ä¶"
ishimurralam,2021-05-06 14:29:53,RT @barstoolsports: Bat flipping for a hit that doesn‚Äôt even get to the wall should be a 3 game suspension @barstoolchicago https://t.co/q9‚Ä¶
KMKOptometry,2021-05-06 14:29:55,"The floor of the orbit, which is composed of the maxillary, palatine, and zygomatic bones, is the weakest wall of t‚Ä¶ https://t.co/T58c1Eqbn7"
lapislazuli2345,2021-05-06 14:29:56,RT @eduneret: Elise Stefanik is now the front-runner to replace Liz Cheney as GOP Conference Chair. A thread on some of her votes in Congre‚Ä¶
SportsGeniuss,2021-05-06 14:29:56,@BaseballScrap I spent endless hours on ball fields and makeshift sandlots with friends and enemy alike and I loved‚Ä¶ https://t.co/6PtyApemVo
_aminie,2021-05-06 14:29:57,"RT @zikjpop2019: Pls don‚Äôt say sorryüò≠üò≠üò≠

‚ÄúThough staff thought for me of various possibilities, I couldn‚Äôt defeat the big wall of corona po‚Ä¶"
yoonkooksfairy,2021-05-06 14:29:57,HITS HEAD ON WALL PINK JOON https://t.co/Ht4uKnxVpd
chriss_lll,2021-05-06 14:29:58,"RT @winchester_boye: Vans off the wall high

Sizes 40-45

280 cedis

Please rt https://t.co/33IQajFXMg"
rox55g,2021-05-06 14:29:59,RT @vinodkapri: Much needed @derekobrienmp and add 3 more.
syedzaid,2021-05-06 14:29:59,"RT @derekobrienmp: To Delhi-Noida channels. 

For too long U have been peddling a narrative commanded by BJP‚Äôs MO-SHA. Toxic. Many of us no‚Ä¶"
Muth64996535,2021-05-06 14:29:59,"RT @Ripudaman27: #Promote2SR #JusticeForFinalYrPG

@aajtak  @ndtvindia @IndianExpress  @TOIIndiaNews  @ANI @ABPNews @ZeeNews @ETNOWlive  @A‚Ä¶"
itskyannadenice,2021-05-06 14:29:59,RT @2wenty4s: I need this on my wall !
MarsdenWoo,2021-05-06 14:30:00,NEW ONLINE EXHIBITION: @RadstoneSara's latest collection of ceramic wall pieces and works on paper can be viewed on‚Ä¶ https://t.co/GJtgZfCR7U
TheSocialCTV,2021-05-06 14:30:00,"According to The Wall Street Journal, unlike older generations, millennials are very candid with each other about p‚Ä¶ https://t.co/sbzgZHcZeV"
daddykool666,2021-05-06 14:30:01,"RT @kik_kamal: Hello Everyone ü§öüèª

My setup today on My  üì≤ 12 Pro Max

#kalm by @iosj4cob 
#SMPRO by @screenshot_pro 
#SB_widgets by @daddyk‚Ä¶"
Kaliyugamaya,2021-05-06 14:30:01,"#Radical Violence #Massacres #Rapes #Loot #Exodus in WB;

But Where are;

@India_NHRC @hrw

@republic @TimesNow‚Ä¶ https://t.co/uCPS7P6gKS"
BellyUpKev,2021-05-06 14:30:01,"For a CFB junkie/rankings ‚Äúguru‚Äù, you‚Äôd think he‚Äôd have better takes"
shrichandrajosh,2021-05-06 14:30:02,@derekobrienmp @TimesNow @CNNnews18 @republic @aajtak @ABPNews @ZeeNews @indiatvnews @IndiaToday Great ! Call out Nazis !!
iamvproudofyou,2021-05-06 14:30:02,@stewed_prunee Ion think so....the wall seems wet
EmmaLovesCelebz,2021-05-06 14:30:02,"‚ÄúBut first thing first Marley Rose you are Wall Flower no more, you are Women Fierce and we are going to kill this‚Ä¶ https://t.co/15nukoFa8h"
Abhishe50965999,2021-05-06 14:30:03,"RT @PiyaliBh: Dear Karma,

The list is long...&amp; the Ex HM of Maharastra comes amongst the first few in the que..Thank you for hitting hard.‚Ä¶"
donutcats,2021-05-06 14:30:04,"@heysomekirstin I can‚Äôt decide if my favorite part of this picture is the almost-blep, the beans and tiny smol claw‚Ä¶ https://t.co/XTIYmjV66g"
BPC_Bipartisan,2021-05-06 14:30:05,.@POTUS promised to roll back many of President Trump's controversial immigration policies. @ethancollier_ examines‚Ä¶ https://t.co/t5ZYKn2dor
chanyasulkit,2021-05-06 14:30:05,Set Your Alarms for 7pm TONITE!  #Brookline #LibraryOfThings #FundLibraries @brooklinehigh @BrooklinePublic‚Ä¶ https://t.co/4LEIFFnYol
rajesht21215269,2021-05-06 14:30:05,RT @AshishG78849401: @AdvocateDipika @SunnyDewan @PMOIndia @FinMinIndia @DFS_India @RBI @rashtrapatibhvn @narendramodi @AmitShah @nsitharam‚Ä¶
YPal57,2021-05-06 14:30:05,"RT @ARanganathan72: Spine always grows in the back that is against the wall.

To hell with America. Bharat Biotech has already sourced all‚Ä¶"
connectanshul,2021-05-06 14:30:06,"RT @derekobrienmp: To Delhi-Noida channels. 

For too long U have been peddling a narrative commanded by BJP‚Äôs MO-SHA. Toxic. Many of us no‚Ä¶"
SilentSailor4,2021-05-06 14:30:07,"RT @derekobrienmp: To Delhi-Noida channels. 

For too long U have been peddling a narrative commanded by BJP‚Äôs MO-SHA. Toxic. Many of us no‚Ä¶"
rox55g,2021-05-06 14:30:07,"RT @derekobrienmp: To Delhi-Noida channels. 

For too long U have been peddling a narrative commanded by BJP‚Äôs MO-SHA. Toxic. Many of us no‚Ä¶"
mewgulf_0421,2021-05-06 14:30:07,RT @kanaasoup: just imagining pbest meeting gulf for his live prep and gulfs like o what do u have pbest and pbest just takes out these mul‚Ä¶
nicksasser,2021-05-06 14:30:07,RT @barstoolsports: Bat flipping for a hit that doesn‚Äôt even get to the wall should be a 3 game suspension @barstoolchicago https://t.co/q9‚Ä¶
BackshotXXXGod,2021-05-06 14:30:08,RT @ADicksmen: Don't you like being a  ü™∞ on the wall üòà https://t.co/s8UllnejL2
BEstFriEnD2347,2021-05-06 14:30:08,"RT @amerix: The man with deep scars in his body will teach you more than the man with deep academic profiles on his wall.

No school teache‚Ä¶"
JK695752,2021-05-06 14:30:09,@Pajita06 @Check09389728 @KarlTowns @theantedwards_ They‚Äôre in the play in.. not in the playoffs yet buddy. And btw‚Ä¶ https://t.co/uiDxicijNW
Kaliyugamaya,2021-05-06 14:30:09,"@deep_mani02 @drAtripathi7799 #Radical Violence #Massacres #Rapes #Loot #Exodus in WB;

But Where are;

@India_NHRC‚Ä¶ https://t.co/9QIcmbq6TS"
keenfinsfan,2021-05-06 14:30:10,"Damn , Bobby was the man and really accomplished a lot here"
o_rm_cindy014,2021-05-06 14:30:10,RT @elyxionbieber: GREAT WALL OF CHINA WITH THE CHINA SHEEP LAY ZHANG! üò©üò©üò© https://t.co/QzML0nhr8R
djgruman_,2021-05-06 14:30:10,RT @barstoolsports: Bat flipping for a hit that doesn‚Äôt even get to the wall should be a 3 game suspension @barstoolchicago https://t.co/q9‚Ä¶
ChristineRHunt,2021-05-06 14:30:11,RT @CFosee: What's going to be next press release from @fordnation? That he wants to build a wall at our border and he's going to make the‚Ä¶
myriadgardens,2021-05-06 14:30:11,"RT @BAMOK: #Artistic events across #Oklahoma mark #TulsaRaceMassacre centennial, from multimedia #art exhibits to #comics panel at @Greenwo‚Ä¶"
Lexxi__Lethal,2021-05-06 14:30:12,@tomboysanyu This is dope I want this on my wall with a neon light somehow on it
princessayakas,2021-05-06 14:30:13,I literally only passed my drivers exam because the lady took pity on me üò≠ I failed twice before and the first time‚Ä¶ https://t.co/7p6uawOKiy
jasonlavarbrown,2021-05-06 14:30:14,I be watching Wolf of Wall Street while I drive.
JaphethUche,2021-05-06 14:30:14,"RT @OptaJoe: 8 - √âdouard Mendy has kept eight clean sheets in 11 UEFA Champions League matches this season, the most in a single campaign b‚Ä¶"
dailysimpsons,2021-05-06 14:30:15,The scene where Maude Flanders peers through a hole in a wall at Marge is a reference to the 1960 film Psycho. (vid‚Ä¶ https://t.co/A5eBjHbbLP
allyc375,2021-05-06 14:30:15,RT @pixiegirle: Psychiatrists were some of the earliest supporters of #StopSIM. Its hugely disapointing to observe a new wall of silence fr‚Ä¶
PFF_RyanSmith,2021-05-06 14:30:16,Bobby McCain was a strong slot cornerback (as evidenced by his best season in 2017) but has been just average in hi‚Ä¶ https://t.co/BKAkfp4CPI
southcoop,2021-05-06 14:30:17,"RT @FAIRImmigration: It's worth noting that @EliseStefanik voted with FAIR only 75% of the time last Congress, and even worse, she voted fo‚Ä¶"
awsomegamer77,2021-05-06 14:30:18,RT @barstoolsports: Bat flipping for a hit that doesn‚Äôt even get to the wall should be a 3 game suspension @barstoolchicago https://t.co/q9‚Ä¶
HogeArmy,2021-05-06 14:30:18,"@Toprak3d The painting will be delivered to the collector
https://t.co/nYphlci2pJ

Foundation link:‚Ä¶ https://t.co/zrKZtPhY5b"
philoctates,2021-05-06 14:30:18,"Iron Curtain Country

By Francis Levy

no amount of notoriety will spare you
from the inevitable wall of silence"
PeterJGregory,2021-05-06 14:30:19,"‚ÄúGOP leaders shouldn‚Äôt have to lie about 2020 to keep their job,‚Äù the conservative newspaper‚Äôs editorial board said. https://t.co/M8cXvQIz1l"
ltmvalley,2021-05-06 14:30:19,"RT @GOPChairwoman: According to estimates from border officials, as many as 30,000 illegal immigrants have escaped into the U.S. in just th‚Ä¶"
Noahs_nan,2021-05-06 14:30:20,Noahs nursery are introducing toddler dancing lessons on Friday mornings and I would love to be a fly on the wall i‚Ä¶ https://t.co/oOPWHsA4qE
homer_thompson_,2021-05-06 14:30:20,RT @dailysimpsons: The scene where Maude Flanders peers through a hole in a wall at Marge is a reference to the 1960 film Psycho. (video: O‚Ä¶
valveman1974,2021-05-06 14:30:20,RT @Davenutninja: Ever have a moment where you decide who you want to learn from? That's me right now. After dust settles compile knowledge‚Ä¶
miugapsuppawut,2021-05-06 14:30:20,RT @kanaasoup: just imagining pbest meeting gulf for his live prep and gulfs like o what do u have pbest and pbest just takes out these mul‚Ä¶
KanesTravel,2021-05-06 14:30:20,"Workers built the Ming dynasty sections of the Great Wall of China by mixing sticky rice flour and lime.

The rice-‚Ä¶ https://t.co/gIU7VT9TXD"
FloormaxFloors,2021-05-06 14:30:20,This carpeted sitting room is the perfect place to unwind after a long day. A benefit to installing wall-to-wall ca‚Ä¶ https://t.co/3OVzqlsuHh
ABORSH4WNA,2021-05-06 14:30:21,putting this pic on my wall https://t.co/7qz7DC76As
je_trr,2021-05-06 14:30:21,"@FawnivaAudio Began to warn him, he ignored my warnings so I got up picked him up, slammed him against a wall (I fe‚Ä¶ https://t.co/NOmUTuDwMw"
clayesm,2021-05-06 14:30:21,RT @jamesmb: Scotland has been the English magic money tree for a long old time. They took the oil revenue and 'spaffed it up the wall'. Th‚Ä¶
ashishneeraj,2021-05-06 14:30:21,"RT @ARanganathan72: Spine always grows in the back that is against the wall.

To hell with America. Bharat Biotech has already sourced all‚Ä¶"
Denis_Buchholz,2021-05-06 14:30:22,@ChilliOHGirl59 @MikeSington That is what I was alluding to .... Had to move the old fox watching folks closer toge‚Ä¶ https://t.co/YDmaXz9s2j
Lizones1,2021-05-06 14:30:22,"RT @Belladonnahome: Modern Woman Pink Flower Wall Art Print On Canvas No. MN-F000 
https://t.co/nu7gcnxyym
(Tweeted via https://t.co/SVaO4M‚Ä¶"
IhoPwaitress74,2021-05-06 14:30:22,"RT @drearpooson: WSJ is paying to show this to Reddit.

Consent to being ruled over by psycho tech billionaires is being manufactured."
theressmthweird,2021-05-06 14:30:24,"@RamanVirdi21 @derekobrienmp @TimesNow @CNNnews18 @republic @aajtak @ABPNews @ZeeNews @indiatvnews @IndiaToday ""tag‚Ä¶ https://t.co/WZocK8WORC"
patricia2378,2021-05-06 14:30:24,"RT @ARanganathan72: Spine always grows in the back that is against the wall.

To hell with America. Bharat Biotech has already sourced all‚Ä¶"
Lizones1,2021-05-06 14:30:25,"RT @Belladonnahome: Angel Wings Wall Art Home D√©cor No. AW-W0000a 
https://t.co/Py4khVpNGL
(Tweeted via https://t.co/SVaO4MCE0T) https://t.‚Ä¶"
Kelly13214289,2021-05-06 14:30:25,"RT @OrionPhinery: BREAKING NEWS: Omar says it's shameful for Biden to finish the Wall. 
üëäüèªü™ñüá∫üá∏
ALSO BREAKING: Omar is guilty of violating U.‚Ä¶"
mfiedler,2021-05-06 14:30:25,Democrats Are Killing the American Dream - The Wall Street Journal https://t.co/Y4WB5WSZJR
thurston_21,2021-05-06 14:30:25,"RT @FAIRImmigration: It's worth noting that @EliseStefanik voted with FAIR only 75% of the time last Congress, and even worse, she voted fo‚Ä¶"
HPCAcougars,2021-05-06 14:30:26,"Today HPCA joins together for the National Day of Prayer.  Mrs. Dana Gable, HPCA Parent and Mr. Blythe Wall, Green‚Ä¶ https://t.co/dNWGuy0BCR"
G0t_Kink,2021-05-06 14:30:26,"RT @TheKTCassidy: Go to https://t.co/ibOgcdyaXx to watch the rest of the video and hundreds of FREE posts on my wall ! NO PAY PER VIEW!!!
#‚Ä¶"
_smitty_13,2021-05-06 14:30:27,RT @barstoolsports: Bat flipping for a hit that doesn‚Äôt even get to the wall should be a 3 game suspension @barstoolchicago https://t.co/q9‚Ä¶
ZOE_SEQ,2021-05-06 14:30:27,RT @rileyliftsstuff: Everytime a porn or sissy account RTs my selfie it makes me never want to post selfies again. All my shit is PG and do‚Ä¶
Ey3ris,2021-05-06 14:30:28,@GargoCorey Oh cool! I can imagine seeing a wall full with your art (or let‚Äôs say simulated pics which you chars ma‚Ä¶ https://t.co/Frt2ByQKIL
IzzyZk,2021-05-06 14:30:28,RT @bonzaibtw: i hate not being able to take or hold a wall to save my life 90% of the time
judedavid21,2021-05-06 14:30:28,RT @AnthSald: @IqbalJ33504075 @Piyush4India @RanjitOne @judedavid21 @kesava_ananth @ronaldrajanna @ChandyAnil @mujwords @PatriceLu3 @poonam‚Ä¶
meIonkoo,2021-05-06 14:30:29,jungkook is such a gentle soul im seconds away from punching a wall
Don_Trumpilini,2021-05-06 14:30:29,"NBC/Wall Street Journal, in."
therealpinoyrob,2021-05-06 14:30:29,@jack_AER @Chennylou @AEW Were you around for when Mike Awesome three Kanyon off a cage? What about the Wall vs Cro‚Ä¶ https://t.co/aclN9Ix4EB
AugustosPauper,2021-05-06 14:30:29,"RT @amerix: The man with deep scars in his body will teach you more than the man with deep academic profiles on his wall.

No school teache‚Ä¶"
STAR72345,2021-05-06 14:30:30,"RT @JasonBeast_: You know what they say about a masterpiece..

PIN HER TO THE WALL üòà@MorganReeseXO https://t.co/7vu21GsF2B"
TheFakeFabio,2021-05-06 14:30:30,RT @barstoolsports: Bat flipping for a hit that doesn‚Äôt even get to the wall should be a 3 game suspension @barstoolchicago https://t.co/q9‚Ä¶
Flkrew,2021-05-06 14:30:30,"RT @FAIRImmigration: It's worth noting that @EliseStefanik voted with FAIR only 75% of the time last Congress, and even worse, she voted fo‚Ä¶"
ellenosei59,2021-05-06 14:30:30,"RT @thisiskunmi: Magazine worthy
Wall paper worthy
Bill board worthy
Everything worthy
TACHA TACHA TACHA!!! ü•∫ü•∫üò≠ü•∫üòçüòçüòçüòçüòçüòçüòçüòçüòçüòçüòç
#InterTachanal‚Ä¶"
MostlyBJs,2021-05-06 14:30:30,RT @TheKTCassidy: Come and see all my xxx content FOR FREE AT https://t.co/8Jw1wwYGOp NO PAY PER VIEW!! Everything is POSTED FREE ON MY WAL‚Ä¶
Lizones1,2021-05-06 14:30:30,"RT @Belladonnahome: Yellow Flowers Landscape Wall Decor 4 Panel Set On Canvas No. YFL-00a 
https://t.co/SYpRzAgDkK
(Tweeted via https://t.c‚Ä¶"
Humberto_Bau,2021-05-06 14:30:31,"Checkmate! ‚ôü‚ôü‚ôü
News have been paid to manipulate the world forever!
There is no ‚Äúsyndicate‚Äù or crime for people to‚Ä¶ https://t.co/lTHR5DIzQV"
962a1ec32c6b4be,2021-05-06 14:30:31,"RT @Ripudaman27: #Promote2SR #JusticeForFinalYrPG

@aajtak  @ndtvindia @IndianExpress  @TOIIndiaNews  @ANI @ABPNews @ZeeNews @ETNOWlive  @A‚Ä¶"
justinl040,2021-05-06 14:30:32,@GOPLeader If it was up to me I‚Äôd let them all in at one time. I would tear the wall down. Like a damn bursting wit‚Ä¶ https://t.co/LSLw019IsA
kitty_meowmeoww,2021-05-06 14:30:32,RT @choi_bts2: It seems RM has one of Yun Hyung Keun's (Korean artist) paintings üñºon the wall in these pics. He kept showing his love for Y‚Ä¶
todayonscreen,2021-05-06 14:30:33,"Today, May 6, 1985 is corporate raider Gordon Gekko's birthday. Hoping to meet with Gekko, junior stockbroker Bud F‚Ä¶ https://t.co/JnZo40LODh"
wagiangwinner,2021-05-06 14:30:33,"RT @pearl4minhoon: Is the WINNER wall still there? I mean it‚Äôs just a fcking wall but you know, fan things to do in SK ü•∫ü•∫ https://t.co/AOni‚Ä¶"
Qhairrul,2021-05-06 14:30:33,RT @mvllibu: Kinda wanna cry. Kinda wanna stare at the wall. Kinda wanna scream.. kinda wanna be silent . Kinda wanna be alone. Kinda wanna‚Ä¶
cobaltjacket,2021-05-06 14:30:34,"No vaccination, no travel (other than cars) would fix this quickly."
jimmyshill1,2021-05-06 14:30:34,Are you serious right now?
kapilhunachgere,2021-05-06 14:30:35,"RT @ARanganathan72: Spine always grows in the back that is against the wall.

To hell with America. Bharat Biotech has already sourced all‚Ä¶"
hanshicoups,2021-05-06 14:30:35,RT @sounds_of_cheol: new addition to kwon family's wall üòÑ https://t.co/eqNwKlOOZ9
Texas_Ingenuity,2021-05-06 14:30:35,"@Dell_Conagher_A ""Over there, against the back wall.

...I can't attest t'the freshness of the donuts, though."""
ranitaroy24,2021-05-06 14:30:36,"RT @Nidhiproudone: The INDIAN MEDIA surrounds itself in an ecochamber that operates only in the Corridors of power in NEW DELHI

and ARNAB‚Ä¶"
AnkitaP78174771,2021-05-06 14:30:37,RT @choi_bts2: It seems RM has one of Yun Hyung Keun's (Korean artist) paintings üñºon the wall in these pics. He kept showing his love for Y‚Ä¶
horanghaez,2021-05-06 14:30:37,RT @sounds_of_cheol: new addition to kwon family's wall üòÑ https://t.co/eqNwKlOOZ9
ArindamGhosh999,2021-05-06 14:30:38,"RT @derekobrienmp: To Delhi-Noida channels. 

For too long U have been peddling a narrative commanded by BJP‚Äôs MO-SHA. Toxic. Many of us no‚Ä¶"
susan1007,2021-05-06 14:30:38,RT @LATAMforTRUMP: Democrats condemned the Wall that protects Americans against illegal immigration that they encourage for future voters.‚Ä¶
dipagafa,2021-05-06 14:30:39,RT @choi_bts2: It seems RM has one of Yun Hyung Keun's (Korean artist) paintings üñºon the wall in these pics. He kept showing his love for Y‚Ä¶
HappywithmyLif2,2021-05-06 14:30:40,"RT @GOPChairwoman: According to estimates from border officials, as many as 30,000 illegal immigrants have escaped into the U.S. in just th‚Ä¶"
123nitin,2021-05-06 14:30:40,"RT @jacmeister: Android setup !! 
Wall @gullive_r 
KWGT @21MaRcO12 
Icons @paulebh0y 
Template @sry_nmblss https://t.co/VnlEw2g11N"
_Square1_,2021-05-06 14:30:40,"@Irontoffee He needs to fit a new overhead dropwire for his full fibre Internet, but isn't convinced he can get the‚Ä¶ https://t.co/ht6dVjPVLf"
me_anagram,2021-05-06 14:30:41,@SushiEggrollz crashing into people with a minecart after building a 3 meter wall real quick brb
ethereumJoseph,2021-05-06 14:30:41,"RT @EtherealSummit: üöÄStarting in 15 minutes: day one of #EtherealSummit 

‚ö°Ô∏èToday we will talk NFTs, @Solana, Wall Street, @coinbase, Priva‚Ä¶"
Netaji_NathuRam,2021-05-06 14:30:41,"RT @dearSakshi1: Once upon a time twitter use to be nice üòã
4 YEARS OF REPUBLIC"
maya_legi,2021-05-06 14:30:42,RT @choi_bts2: It seems RM has one of Yun Hyung Keun's (Korean artist) paintings üñºon the wall in these pics. He kept showing his love for Y‚Ä¶
gopherfoot,2021-05-06 14:30:42,"RT @GOPChairwoman: According to estimates from border officials, as many as 30,000 illegal immigrants have escaped into the U.S. in just th‚Ä¶"
its___jessica,2021-05-06 14:30:42,@derekobrienmp @TimesNow @CNNnews18 @republic @aajtak @ABPNews @ZeeNews @indiatvnews @IndiaToday Editor-In-Chief‚Ä¶ https://t.co/YcgJZnlIBk
j_hanniehae,2021-05-06 14:30:43,RT @sounds_of_cheol: new addition to kwon family's wall üòÑ https://t.co/eqNwKlOOZ9
ayurrraaa,2021-05-06 14:30:43,RT @mvllibu: Kinda wanna cry. Kinda wanna stare at the wall. Kinda wanna scream.. kinda wanna be silent . Kinda wanna be alone. Kinda wanna‚Ä¶
tommy_nygrooves,2021-05-06 14:30:43,RT @barstoolsports: Bat flipping for a hit that doesn‚Äôt even get to the wall should be a 3 game suspension @barstoolchicago https://t.co/q9‚Ä¶
ArindamGhosh999,2021-05-06 14:30:43,RT @SaketGokhale: These channels have not only been complicit in peddling the BJP‚Äôs false narrative but have done far worse things like inc‚Ä¶
Golden_Seagul,2021-05-06 14:30:44,RT @vrsrini: .@LoknitiCSDS's next set of articles on #WestBengal: Despite the sharp growth by @BJP4India in the State in the last half-deca‚Ä¶
HogeArmy,2021-05-06 14:30:44,"@NFTAgencyNYC The painting will be delivered to the collector
https://t.co/nYphlci2pJ

Foundation link:‚Ä¶ https://t.co/3QclizmyLy"
iasiansex,2021-05-06 14:30:45,"RT @TheKTCassidy: Go to https://t.co/ibOgcdyaXx to watch the rest of the video and hundreds of FREE posts on my wall ! NO PAY PER VIEW!!!
#‚Ä¶"
IcyHuerter,2021-05-06 14:30:47,@Logo_Trae wight wall
KofiCoke,2021-05-06 14:30:47,@ahofe_ephya If I march around you 7 times will you fall like the wall of Jericho for meüòç https://t.co/RI1PT3jfEe
idmflh_,2021-05-06 14:30:47,RT @filmityellow: not even cloth they literally glued the papers to the wall and sticked it next to each other the effort plshskdjd  #‡∏î‡∏µ‡∏≠‡∏≤‚Ä¶
TrivediVarnika,2021-05-06 14:30:49,"RT @Nidhiproudone: @republic is BIRTH OF INDEPENDENT NATIONALIST MEDIA IN INDIA

HAPPY 4th BIRTHDAY

4 YEARS OF REPUBLIC"
wbznewsradio,2021-05-06 14:30:49,"RT @JamesRojasWBZ: The medical examiner has arrived on scene in Newton. Initial reports are a wall collapsed, resulting in injuries. No fur‚Ä¶"
iasiansex,2021-05-06 14:30:50,RT @TheKTCassidy: Come and see all my xxx content FOR FREE AT https://t.co/8Jw1wwYGOp NO PAY PER VIEW!! Everything is POSTED FREE ON MY WAL‚Ä¶
ranitaroy24,2021-05-06 14:30:50,"RT @SreetamaGhoshD1: All other news networks who all r basically presstitutes has to do paid trends, but @republic is the only news network‚Ä¶"
shilpaj39840272,2021-05-06 14:30:50,"RT @NG_AROH: As Covid wave hits and threatens our rural pockets, @AROHFoundation under @HDFCBankCSR undertakes a strong Covid prevention dr‚Ä¶"
MStimley,2021-05-06 14:30:50,"When a single guy ponders redecorating his apartment. (These can all be found under the search term ""tapestry"" or ""‚Ä¶ https://t.co/CtvANi0IAx"
BennyBongoP3fan,2021-05-06 14:30:50,@benandjerrysUK Wall's ice-cream rules.
nilasishkar_jio,2021-05-06 14:30:51,"RT @derekobrienmp: To Delhi-Noida channels. 

For too long U have been peddling a narrative commanded by BJP‚Äôs MO-SHA. Toxic. Many of us no‚Ä¶"
farahnatasha,2021-05-06 14:30:52,Me rn.
Gotimedolphins,2021-05-06 14:30:52,RT @CameronWolfe: Writing was in red ink on the wall when Dolphins drafted Jevon Holland in 2nd round. Brian Flores sees Holland as having‚Ä¶
saigal_nikhil,2021-05-06 14:30:52,@derekobrienmp @TimesNow @CNNnews18 @republic @aajtak @ABPNews @ZeeNews @indiatvnews @IndiaToday Stop just calling‚Ä¶ https://t.co/EzbCfOWsX6
nikideritrea,2021-05-06 14:30:53,"RT @Gauleritra: Yeap... Why bother even with z most elementary geographic facts about ppl &amp; places 1 has no care for? 

The exigency here i‚Ä¶"
whobuildsarks,2021-05-06 14:30:54,RT @CameronWolfe: Writing was in red ink on the wall when Dolphins drafted Jevon Holland in 2nd round. Brian Flores sees Holland as having‚Ä¶
lizamariew152,2021-05-06 14:30:56,"RT @VoteCommon: Jesus is not pro-gun, that‚Äôs just your Republican lawmaker. 

Jesus is not pro building the wall, that‚Äôs just xenophobia.‚Ä¶"
KGabrielle_,2021-05-06 14:30:56,"If I sleeping next to you, the worst thing you could do is play snaps and I still sleeping. Immediate phone buss into the wall"
TrivediVarnika,2021-05-06 14:30:56,"RT @Nidhiproudone: The INDIAN MEDIA surrounds itself in an ecochamber that operates only in the Corridors of power in NEW DELHI

and ARNAB‚Ä¶"
_ibnn21,2021-05-06 14:30:57,RT @J_Nova_Kane: When you trying to get the remote after it fell between the couch and wall
MaeLiwan1,2021-05-06 14:30:57,RT @choi_bts2: It seems RM has one of Yun Hyung Keun's (Korean artist) paintings üñºon the wall in these pics. He kept showing his love for Y‚Ä¶
Forextigress,2021-05-06 14:30:58,Investment and Trading: FOREX  TRADING   #Recovery hopes to underpin #Wall S... https://t.co/KjFOdegn7q https://t.co/o2ZLHsoVww
duchesshazard,2021-05-06 14:30:59,"RT @pesosaveronline: Vintage Owl Latch Hook Wall Hanging Wilderness Decor Retro Art 27"" x 20"" https://t.co/oggQqDU5Zf via @eBay #ebay #vint‚Ä¶"
kettleglow,2021-05-06 14:31:00,... oh! baelsars wall already! reached that faster than i thought i would
greatermcr,2021-05-06 14:31:00,"üí°Have you been thinking of External Wall Insulation?
‚ùìDid you know it could improve your home by:
- Less heat loss‚Ä¶ https://t.co/LlZrUcfNmF"
Bhmllr,2021-05-06 14:31:01,"RT @yalepeabody: Look what‚Äôs been hiding for a couple decades. #YalePeabodyRenovation

This mural was painted on an internal wall back in t‚Ä¶"
starfishio,2021-05-06 14:31:01,@autosport @Max33Verstappen Track limits are easily enforced if you swap 100m run off areas with with gravel traps‚Ä¶ https://t.co/lEjmpjgsiI
Netaji_NathuRam,2021-05-06 14:31:01,"RT @TwitterIndia: Welcome to Twitter, @Republic! We are happy to be your microphone to the Nation üáÆüá≥ &amp; World üåé https://t.co/kZEz3V5lVb"
pandaluver365,2021-05-06 14:31:01,"RT @sarahkendzior: ""The 'America's Mayor' thing was a myth, a complete fluke caused by 9/11. Giuliani was always a brutal and controversial‚Ä¶"
calix_adrian,2021-05-06 14:31:02,RT @NudeCelebsArchi: Margot Robbie - The Wolf of Wall Street (2013) https://t.co/iyasK61aJ9
jahaewint,2021-05-06 14:31:02,"RT @vgukayo: ""what do you mean 'GRAB ONTO THE WALL'??"" https://t.co/KRI2IG8MAX"
TrumpPence4More,2021-05-06 14:31:02,"From this to released prisoners and defunding police, politicians are not doing what they are paid for by taxpayers‚Ä¶ https://t.co/cLLIZ78SVt"
FarukMe00518522,2021-05-06 14:31:03,"RT @derekobrienmp: To Delhi-Noida channels. 

For too long U have been peddling a narrative commanded by BJP‚Äôs MO-SHA. Toxic. Many of us no‚Ä¶"
sarvatathagata,2021-05-06 14:31:03,An excellent thread to read if you want to understand how Bengal voted.
wescopeland_,2021-05-06 14:31:03,gme to the moon any%
chiquibon2,2021-05-06 14:31:04,"RT @GOPChairwoman: According to estimates from border officials, as many as 30,000 illegal immigrants have escaped into the U.S. in just th‚Ä¶"
trufflebuttered,2021-05-06 14:31:04,RT @TheKTCassidy: Come and see all my xxx content FOR FREE AT https://t.co/8Jw1wwYGOp NO PAY PER VIEW!! Everything is POSTED FREE ON MY WAL‚Ä¶
hussain_amz,2021-05-06 14:31:05,RT @SaketGokhale: These channels have not only been complicit in peddling the BJP‚Äôs false narrative but have done far worse things like inc‚Ä¶
ColorInkArt,2021-05-06 14:31:06,"Toronto wall art, Contemporary abstract wall decor, Watercolor Toronto canvas set, Creative modern art, Abstract ar‚Ä¶ https://t.co/YhH0gxWtTK"
shrichandrajosh,2021-05-06 14:31:07,RT @RawalSagar6: @derekobrienmp @TimesNow @CNNnews18 @republic @aajtak @ABPNews @ZeeNews @indiatvnews @IndiaToday Thats the reason all the‚Ä¶
NewJerzeyBoy,2021-05-06 14:31:08,Caitlyn Jenner on the border: 'I am all for the wall' https://t.co/Wj3nbkMQGD
kganyasp,2021-05-06 14:31:08,"RT @0861banner: SIGNATURE COMBOüî•üî•üíØüî•üî•

R 11780 with a free banner wall ! 

üîπ1 x 3 x 3m Std Gazebo + bag +tool kit
üîπ4 x 1.6m Pop Ups
üîπ8 x 2.4‚Ä¶"
JennyDupuis5,2021-05-06 14:31:08,"RT @maybe60794885: üö®Eyes on Red Castle,..üëá
https://t.co/EwHhGTjN16
@TronYori2 @Leonidas_True @_Luke_Slytalker https://t.co/Qn4GnoH8Sc"
nkingatua,2021-05-06 14:31:09,"RT @amerix: The man with deep scars in his body will teach you more than the man with deep academic profiles on his wall.

No school teache‚Ä¶"
nishi821,2021-05-06 14:31:10,RT @lalitha553322: @Khushi4justice @ItsALD5 @nilotpalm3 @ApurvaU21 @republic @Republic_Bharat Maybe they are buying time ... But something‚Ä¶
3ncrypt10nb0y,2021-05-06 14:31:10,@henrahmagix @SophyRomvari @brofromanother The main room has a stock image of a spoon framed on the wall in the background
offiCHEOLIyours,2021-05-06 14:31:10,RT @sounds_of_cheol: new addition to kwon family's wall üòÑ https://t.co/eqNwKlOOZ9
IamGucciBen,2021-05-06 14:31:11,"RT @amerix: The man with deep scars in his body will teach you more than the man with deep academic profiles on his wall.

No school teache‚Ä¶"
Kevinwhited16,2021-05-06 14:31:11,@GregAbbott_TX Bidden is so dumb he doesn‚Äôt even know what a wall is. He‚Äôs a puppet for the left
queensbett,2021-05-06 14:31:12,i love my cats so much cats are superior to dogs fight with the wall
hengyue8,2021-05-06 14:31:13,"RT @SATYANA91119383: That is #CCPVirus planned by psychic #Xitler for #OBOR.
I know they controlled Indian politics through #CCPVirus.
@Swa‚Ä¶"
its___jessica,2021-05-06 14:31:13,@derekobrienmp @TimesNow @CNNnews18 @republic @aajtak @ABPNews @ZeeNews @indiatvnews @IndiaToday Editor-In-Chief‚Ä¶ https://t.co/pjkyzr7yqV
DevonLiveNews,2021-05-06 14:31:13,"üî¥ Angry campaigners determined to stop wall from ruining promenade
üî¥ Torbay cruise liner workers from India test po‚Ä¶ https://t.co/i61JfrlGD0"
samwin_17,2021-05-06 14:31:13,@CaughtByBrevin @Ayoo_Noah Why is it john wall and not kpj
SonnyFigueroa97,2021-05-06 14:31:13,RT @barstoolsports: Bat flipping for a hit that doesn‚Äôt even get to the wall should be a 3 game suspension @barstoolchicago https://t.co/q9‚Ä¶
wasd_network,2021-05-06 14:31:14,@wcwcrowbar @tonyschiavone24 I miss the Wall. I'll also never forget that moment when he was standing atop a buildi‚Ä¶ https://t.co/l82CpI9WDe
CharlynWalter4,2021-05-06 14:31:17,"RT @GOPChairwoman: According to estimates from border officials, as many as 30,000 illegal immigrants have escaped into the U.S. in just th‚Ä¶"
_priya_7757_,2021-05-06 14:31:17,"RT @Nidhiproudone: The INDIAN MEDIA surrounds itself in an ecochamber that operates only in the Corridors of power in NEW DELHI

and ARNAB‚Ä¶"
klgrube,2021-05-06 14:31:18,"RT @GOPChairwoman: According to estimates from border officials, as many as 30,000 illegal immigrants have escaped into the U.S. in just th‚Ä¶"
crybabywest,2021-05-06 14:31:19,"RT @B4byspice_: Why subscribe to my page? I have just removed any PPV so all my content will be uploaded to my feed with no pay wallüí¶

it's‚Ä¶"
VulpesYifficus,2021-05-06 14:31:19,"RT @RolfTheWhatever: Art by and featuring @ceruli3n 

Talk about breaking the 4th wall! And yes, Cerulien always draws like this. It inspir‚Ä¶"
licinia74,2021-05-06 14:31:19,RT @choi_bts2: It seems RM has one of Yun Hyung Keun's (Korean artist) paintings üñºon the wall in these pics. He kept showing his love for Y‚Ä¶
its___jessica,2021-05-06 14:31:20,RT @its___jessica: @derekobrienmp @TimesNow @CNNnews18 @republic @aajtak @ABPNews @ZeeNews @indiatvnews @IndiaToday Editor-In-Chief #ArnabG‚Ä¶
Mu5hu,2021-05-06 14:31:20,@MarsinCharge Ooooof. Bro why you gotta nail me to the wall like that?
GMAN23538,2021-05-06 14:31:21,"RT @graddhybpc: $GOLD is moving today above 1800 level. Expected for my subscribers.

As said, it is vital to change the mindset after a lo‚Ä¶"
BingoisBingo9,2021-05-06 14:31:21,@asish_routray @republic @Tejasvi_Surya The constitution of India is the longest written constitution of any countr‚Ä¶ https://t.co/lbQYSycghU
_priya_7757_,2021-05-06 14:31:22,"RT @onenationmyob: If Arnab @republic doesn't come today we will hold Dharna( wish we could) , but anyways that doesn't matter!
We will hol‚Ä¶"
simikopakoda,2021-05-06 14:31:22,me and who
NdichuMburu,2021-05-06 14:31:22,"RT @amerix: The man with deep scars in his body will teach you more than the man with deep academic profiles on his wall.

No school teache‚Ä¶"
CosmonautJem,2021-05-06 14:31:23,"RT @ComptonMadeMe: If you keep voting for the Democrats, they're going to keep taking money from Wall Street

If you keep voting for Democr‚Ä¶"
godforsakethme,2021-05-06 14:31:24,"FORGET THE DAYS WED WASTE IN BED, TANGLED, THE SMOKE STILL ON UR BREATHE UNDRESSED AND PINNING U UP TO THE WALL"
diddymcc,2021-05-06 14:31:24,"RT @ComptonMadeMe: If you keep voting for the Democrats, they're going to keep taking money from Wall Street

If you keep voting for Democr‚Ä¶"
mcanosan,2021-05-06 14:31:24,RT @QuantaMagazine: Want to read Quanta stories in print? Our collections ‚ÄúAlice and Bob Meet the Wall of Fire‚Äù and ‚ÄúThe Prime Number Consp‚Ä¶
Mariana01306895,2021-05-06 14:31:25,"RT @GOPChairwoman: According to estimates from border officials, as many as 30,000 illegal immigrants have escaped into the U.S. in just th‚Ä¶"
BrillArtists,2021-05-06 14:31:25,And have you voted today? The numbers on the wall at our local polling station were deeply depressing at lunchtime.‚Ä¶ https://t.co/2fj1g8OUvh
Boy_with_Brains,2021-05-06 14:31:25,RT @SaketGokhale: These channels have not only been complicit in peddling the BJP‚Äôs false narrative but have done far worse things like inc‚Ä¶
68gunssafc,2021-05-06 14:31:25,RT @cathi_simpson: #RSD21 proceeds to blood cancer charity @LHSUK
infectious_kid,2021-05-06 14:31:25,"RT @derekobrienmp: To Delhi-Noida channels. 

For too long U have been peddling a narrative commanded by BJP‚Äôs MO-SHA. Toxic. Many of us no‚Ä¶"
CBKNEWS17,2021-05-06 14:31:25,"#BREAKING #NEWS: Omar says it's shameful for Biden to finish the Wall.

ALSO BREAKING: Omar is guilty of violating‚Ä¶ https://t.co/6076oo10D1"
aakshayvats,2021-05-06 14:31:26,"RT @ARanganathan72: Spine always grows in the back that is against the wall.

To hell with America. Bharat Biotech has already sourced all‚Ä¶"
kmoneeet,2021-05-06 14:31:28,"RT @aashleygiselle: school has me so fucked up, i just wanna throw my laptop at the wall"
FolkshereiamGew,2021-05-06 14:31:28,RT @kanaasoup: just imagining pbest meeting gulf for his live prep and gulfs like o what do u have pbest and pbest just takes out these mul‚Ä¶
AlyssaM_InfoSec,2021-05-06 14:31:30,"@thedawgyg Didn't argue that at all. However the belief that this recurrent, straight line of lights in the sky is‚Ä¶ https://t.co/6AF3MNwAJ4"
TheStreet,2021-05-06 14:31:30,"Wall Street lauded Zynga ( $ZNGA ) first-quarter results and push into advertising with the Chartboost acquisition.
https://t.co/rvY2hSXnrv"
marosbonsai,2021-05-06 14:31:32,"@RBlotske @WWIIpix I visited WW bunker recently. Part of Czechoslovak border fortifications, effectively never used‚Ä¶ https://t.co/De8FFdQn8h"
elms_JE,2021-05-06 14:31:32,"RT @OscarJetson: Yellow Labrador Charcoal Drawing Print Labrador Retriever Wall Art, Dog Memorial,  Yellow Dog Picture Gift Choice of Sizes‚Ä¶"
tyalvin1994,2021-05-06 14:31:32,"RT @BaitsPro: This is it! This file has it all!
20 Min of Video Total! üòú

Cesar - $20 
40 Pics
21 Vids

Jerking with face
Naked Workouts
Di‚Ä¶"
witchyfemm,2021-05-06 14:31:33,"RT @donatadesignco: ‚ô° tiddie giveaway ‚ô° 

‚Ä¢ must b following me 
‚Ä¢ retweet &amp; like this post 
‚Ä¢ extra entries: tag a friend 
‚Ä¢ winner receiv‚Ä¶"
Shivam22978939,2021-05-06 14:31:33,"RT @iamambar19: Who'll take the responsibility ? @DrRPNishank @cbseindia29 @EduMinOfIndia @aajtak @ndtv @ABPNews @republic @TOIIndiaNews 
#‚Ä¶"
1MightBePenguin,2021-05-06 14:31:33,RT @PabloGallegos1: @Cardoso13Fbio @wisewizzz @elonmusk But he won‚Äôt. Tesla board is made of Maxis most likely using their brand name as an‚Ä¶
LisaParis0307,2021-05-06 14:31:33,"RT @AnnCoulter: Good.  Trump ran for office on the promise to build a wall (lying through his teeth), then frantically threw up 40 miles of‚Ä¶"
Brooklyn_niwasi,2021-05-06 14:31:34,"RT @somnath1978: Mainstreaming continues apace. 1st they ignore u, then they laugh at u, then they oppose u, then u win....@balajis :)

htt‚Ä¶"
FMLN92,2021-05-06 14:31:34,@thehuntressdbd Yui! Help please before she looks at the wall!
CarolForden,2021-05-06 14:31:35,RT @KT_So_It_Goes: the next group to target is not the over-discussed vaccine-hesitant but the under-discussed ‚ÄúI‚Äôm not at risk and I‚Äôll ju‚Ä¶
bs_doe,2021-05-06 14:31:36,@SeanHan55375885 @USlawreview @PatriotBeers I  live in Europe but lived in the US for 4¬Ω ys watching the decline of‚Ä¶ https://t.co/ITN50UR4Ge
ShlokamS,2021-05-06 14:31:36,"RT @derekobrienmp: To Delhi-Noida channels. 

For too long U have been peddling a narrative commanded by BJP‚Äôs MO-SHA. Toxic. Many of us no‚Ä¶"
Mary6414,2021-05-06 14:31:36,RT @Lane_Kiffin: Here we go again. ü§¶‚Äç‚ôÇÔ∏è calling out the üêê ‚Å¶In the middle of another championship?!?!? ‚Å¶Good luck  ‚Å¶@AlabamaFTBL‚Å©  Just went‚Ä¶
tipsey_russell,2021-05-06 14:31:37,"RT @the_real_reason: Well, the writing was on the wall with not only the Holland pick but also with the Malik Hooker visit.

Bobby carries‚Ä¶"
asish_routray,2021-05-06 14:31:37,@BingoisBingo9 @republic @Tejasvi_Surya There is no name for this system. You have to be conscious &amp; aware &amp; mindfu‚Ä¶ https://t.co/JMruseY8cD
champlin10,2021-05-06 14:31:39,RT @barstoolsports: Bat flipping for a hit that doesn‚Äôt even get to the wall should be a 3 game suspension @barstoolchicago https://t.co/q9‚Ä¶
ThetaRider,2021-05-06 14:31:39,"You hang there on the wall
You‚Äôve carved out your place
But I can tell you shake from inside

I see it all the time‚Ä¶ https://t.co/PdqeOSL6sO"
OE43,2021-05-06 14:31:39,RT @SafeHodlToMoon: I CAN‚ÄôT BELIEVE THAT #SAFEMOON was MENTIONED IN A WALL STREET JOURNAL ARTICLE üî•üöÄüåï!! WE ARE #SAFEMOON #SAFEMOONARMY http‚Ä¶
Eldritch_Butts,2021-05-06 14:31:40,@chel_faust @JiskeyJasket big lady throw me into a brick wall pls
grvgrv2020,2021-05-06 14:31:40,RT @rupali2312: @ApurvaU21 @barandbench @LiveLawIndia @Republic_Bharat @republic @ItsALD5 KARMA is hitting them hard ! It's been rightly sa‚Ä¶
AWebNation,2021-05-06 14:31:41,RT @barstoolsports: Bat flipping for a hit that doesn‚Äôt even get to the wall should be a 3 game suspension @barstoolchicago https://t.co/q9‚Ä¶
joeninetythree,2021-05-06 14:31:41,I love how people dabble In a couple stocks and start posting on Instagram like there wolf of Wall Street ü•∏ü§£
Subhashatyadav,2021-05-06 14:31:41,"RT @ARanganathan72: Spine always grows in the back that is against the wall.

To hell with America. Bharat Biotech has already sourced all‚Ä¶"
asb_pilou,2021-05-06 14:31:42,If you have a minute...
Hemanth44907468,2021-05-06 14:31:42,"RT @derekobrienmp: To Delhi-Noida channels. 

For too long U have been peddling a narrative commanded by BJP‚Äôs MO-SHA. Toxic. Many of us no‚Ä¶"
Goldenine,2021-05-06 14:31:43,"RT @graddhybpc: $GOLD is moving today above 1800 level. Expected for my subscribers.

As said, it is vital to change the mindset after a lo‚Ä¶"
DakValues,2021-05-06 14:31:44,"RT @GOPChairwoman: According to estimates from border officials, as many as 30,000 illegal immigrants have escaped into the U.S. in just th‚Ä¶"
cracosal,2021-05-06 14:31:44,"RT @GOPChairwoman: According to estimates from border officials, as many as 30,000 illegal immigrants have escaped into the U.S. in just th‚Ä¶"
PinkieMoskovits,2021-05-06 14:31:44,@JorgeLu41328650 @RosieDuffield1 @UKLabour @Keir_Starmer Remind me again what happened to the red wall under Corbyn‚Äôs leadership?
bobbybhartia,2021-05-06 14:31:44,"@OfficeofUT its a matter of shame
If ur EX HM is innocemt why he not prepared to defend himself instead of running‚Ä¶ https://t.co/jUIE7abzNl"
Strangedannnnn,2021-05-06 14:31:45,RT @divadivyne: Its comedy seeing all you ‚Äúbuild a wall‚Äù ass mfs celebrating Cinco De Mayo ü§£üá≤üáΩ
PaulLUFC1919,2021-05-06 14:31:45,"@EnglandFootball @England @Lionesses üòÇüòÇüòÇ ""Here's our new badge. We paid someone actual money to design it, just for‚Ä¶ https://t.co/wLZaG0BOfh"
kr0ckafl0cka,2021-05-06 14:31:45,RT @rihvia: okay and? ros√© lived with a hole in a wall with a mattress
joel_krahn,2021-05-06 14:31:46,"@VaeStulti @Magiikae @RyanBLeslie @glareone @CNBCnow People on this thread just keep saying that, keep backing up a‚Ä¶ https://t.co/kjgzGlsWEg"
paddenmyfrenchh,2021-05-06 14:31:46,@AdamGoesHam Fellow economically dumb guy here.. is this something that‚Äôs fairly easy to understand? If I could tur‚Ä¶ https://t.co/RF1ILbB80o
